Time,btcReturns,ethReturns,etcReturns,ltcReturns,dashReturns,neoReturns,zecReturns,xmrReturns
2017-09-18 21:00:00,-0.026026491687682143,-0.02867057475911324,-0.02558794302749263,-0.03684481808648669,-0.029091451588840817,-0.05312544429173967,-0.02208476049281745,-0.02953158827002563
2017-09-19 01:00:00,-0.01845148315736553,-0.024973985431841792,-0.03148871159395692,-0.03254612546125466,-0.02237246465888129,-0.03454344328238139,-0.024975077391258677,-0.02717153748411692
2017-09-19 05:00:00,0.02148747630999337,0.023300487353704998,0.022960301463500168,0.06798764207796168,0.01655464276823498,0.035142279583268585,0.01562500000000003,0.018692077025149162
2017-09-19 09:00:00,0.0046383352137395,0.012269725408411643,0.00728300916802338,-0.017924410404727434,0.005258491546669197,0.04773629465855984,0.007180949363746839,0.003356460162501821
2017-09-19 13:00:00,-0.03064636885450466,-0.028946193730041567,-0.03402517863218785,-0.04557436055918119,-0.02372262773722631,-0.034341118593876924,-0.01334310083198164,-0.01820413172427901
2017-09-19 17:00:00,0.001569697125652945,-0.0006011315417256575,0.014518257809062837,0.0,0.010778816199376885,-0.014851485148514887,0.007590335685268268,0.016030066757337563
2017-09-19 21:00:00,-0.0052664029183579104,-0.005837814888196921,-0.01908065915004327,-0.018484358657411836,-0.010253876088702185,-0.002966314731020666,-0.013307883993425687,-0.03471591894179675
2017-09-20 01:00:00,0.019239708692732813,0.01622833552795474,0.014592730167153015,0.01714738632848748,0.025359150530918192,0.030110134384156818,0.01450521113140656,0.015673219192559606
2017-09-20 05:00:00,-0.009273570324574938,-0.0054281211696726025,-0.010989010989010941,-0.0037823351643129655,0.010765184414948873,-0.01853759011328511,-0.0025423728813560287,-0.0033333333333332624
2017-09-20 09:00:00,0.022275075443711413,0.025880281690140925,0.016666666666666673,0.015475735575085884,0.03515885022692891,0.014931396287328456,0.016400403375617024,0.012029682274247451
2017-09-20 13:00:00,-0.010403381098857106,-0.014253821054439215,0.020017331022530473,-0.005512699905926609,-0.0039408004203519455,-0.015923566878980906,-0.001980198019801957,-0.00465044339038985
2017-09-20 17:00:00,-0.02137983320697496,-0.012195121951219513,-0.03393041681019636,-0.024139760497195708,0.002104709287029809,-0.011358496255716898,-0.01726302573760192,-0.013129533678756434
2017-09-20 21:00:00,-0.014426551047796037,-0.01262430354749977,-0.015839117280654836,-0.01285886329202438,-0.016540739228098882,-0.03441983068890364,-0.022168139251891424,-0.017306197887131624
2017-09-21 01:00:00,0.018460329929300863,0.022857142857142774,0.01311149290170914,0.011412829594647744,0.06613803753860767,0.013387232255355028,0.02505151285110077,0.013285477045052865
2017-09-21 05:00:00,-0.009307108882889784,-0.008903631284916044,-0.008661487632824318,0.015369649805447453,0.013318102031149793,-0.01869641565953922,-0.009828401423790014,-0.004934957889063825
2017-09-21 09:00:00,-0.027580302008198783,-0.0417474017967237,-0.03134570347685108,-0.05141235353903384,-0.046553858852662035,-0.06132323551067636,-0.024895375040240298,-0.03172083111347885
2017-09-21 13:00:00,-0.03258519922073067,-0.057540995661445826,-0.06403940886699508,-0.06891809908998991,-0.059145989613387184,-0.05322128851540632,-0.024583838606548232,-0.060702136794478126
2017-09-21 17:00:00,-0.008518028448561057,0.0012873527346494538,-0.0046673286991063155,0.006267484981891554,0.010650379055277524,0.030998580217700005,-0.010153429602888151,0.0067507383620084346
2017-09-21 21:00:00,0.02238888888888886,0.03112461532468548,0.03125622138164445,0.028662695329361908,0.06781256643080562,0.024720662305332,0.031422868548617165,0.02937582197600105
2017-09-22 01:00:00,-0.005160659477958553,-0.004986965884619718,-0.004821600771456021,0.0027066154717693244,-0.019708216022523692,0.0006215040397762151,0.052931101165810165,-0.0008367727709617013
2017-09-22 05:00:00,-0.033991317880252274,-0.03348900785966508,-0.0441490393945273,-0.06181445198023939,-0.03546365552892244,-0.037267080745341616,-0.04878304657994116,-0.04431818181818188
2017-09-22 09:00:00,-0.0053983776603261395,0.0011017549382230313,-0.003146888640747191,0.00716214105624842,0.003322058468229109,-0.002346041055718425,0.06598344933413708,0.000642100381693029
2017-09-22 13:00:00,0.01877840909090906,0.0210046021319278,0.02185836918622428,0.019051838723969858,0.017699115044247773,0.09053593108631547,0.014293059125964016,0.011509689580019905
2017-09-22 17:00:00,0.00451744234683926,0.01021037219696377,0.010080846391855384,0.033057851239669485,0.010691712446098423,-0.023427217688865503,-0.008773264364318625,0.0135001913686921
2017-09-22 21:00:00,0.0036132188220906643,0.003432625195468848,0.0068080907745437435,-0.008104751278866555,0.002834682486338079,-0.0042500537981493775,0.04412891363195268,0.0004915577809023188
2017-09-23 01:00:00,0.020798138968124262,0.014486692015209137,0.014043012864578286,0.00733636711606343,0.022665035250247708,0.0495144595027212,0.025826294976321787,0.01068437110763221
2017-09-23 05:00:00,0.030649054761452712,0.06413906788550879,0.041347922920499616,0.0512982900569981,0.014129443938012702,0.043213014743263736,0.024555058532407092,0.031163419303975624
2017-09-23 09:00:00,-0.01994789336561493,-0.021710827263450562,-0.03947858472998133,-0.027289704612542456,-0.03512222534419781,-0.052487804878048806,-0.055599277811212405,-0.01653849514987324
2017-09-23 13:00:00,0.012352309344790549,0.01669064748201434,0.018033740546829543,0.0126300148588409,0.016707974923458286,0.030381050463439738,0.0057226705796038935,0.019277964708887232
2017-09-23 17:00:00,0.002546419098143212,0.011534106991225557,0.01349282296650718,0.0046890927624873395,0.007695620961952641,0.001150172525878866,-0.0018504090377874163,0.0010023751933930264
2017-09-23 21:00:00,-0.001958034556663956,0.02745715285064716,0.012670196671709565,0.00040584415584407515,-0.004815500783587399,0.005799831457889302,-0.005561518196897192,-0.004615016217863513
2017-09-24 01:00:00,-0.0313336691143335,-0.04200851063829779,-0.03464052287581703,-0.035087006842778566,-0.022030596459061472,-0.04011447180145058,-0.007168106834249842,-0.03731017152846068
2017-09-24 05:00:00,0.006045684584872086,0.003638439038310761,0.009378323503818965,-0.0014727540500736435,0.015462862821899282,0.004697016620212712,-0.0047503587510515505,0.011746013732054823
2017-09-24 09:00:00,0.004949418035461839,0.01841057719647429,0.0036398467432950435,0.005415086388537671,-0.009272591142083656,0.0023440684875663947,-0.002731019415065212,0.02014307440995884
2017-09-24 13:00:00,-0.002868663906254204,-0.0028281135435215326,0.0,-0.0007969965813042179,-0.009214567792891716,0.00502538071065991,0.009850256206158987,-0.002601708125672325
2017-09-24 17:00:00,-0.008114856429463196,-0.012777875021879844,-0.003927203065134135,-0.0071577003001616485,-0.027304358082207908,-0.008117294911470759,0.01527057079318015,-0.018365007275453028
2017-09-24 21:00:00,0.028595665499124345,0.01869258326534949,0.018367150687566183,0.021057527643290604,0.021400778210116798,0.03580001021398297,0.07381568034346488,0.013399771059187965
2017-09-25 01:00:00,0.006916917183218495,0.009847931238472994,0.0012275731822473939,0.005798181855832374,0.01684523809523817,0.007696078431372552,0.003363636363636405,0.011172628717302608
2017-09-25 05:00:00,-0.006341730992915336,-0.008959338387318973,-0.0027350749787795827,0.0025529637026209537,-0.003779776729467668,0.037871825876662525,-0.013768115942029077,-0.013912416257745927
2017-09-25 09:00:00,0.04527748871617762,0.024893091819351336,0.03966005665722379,0.0769293958187866,0.018059022170019017,0.14263938288142627,0.057284494629578575,0.04239046462862812
2017-09-25 13:00:00,-0.0007890048358360675,-0.0013568521031208755,0.0009082652134423056,0.0027268740107930945,-0.007544224765868763,0.005942515260540972,-0.00013024225058609506,0.00017022363129567147
2017-09-25 17:00:00,0.001069818385593066,0.002717391304347865,-0.0006357856494095981,-0.004259850905218388,0.017043468127257797,0.04057854560064274,0.005949537499457055,-3.191149877672709e-05
2017-09-25 21:00:00,-0.004376590330788758,-0.006100454144919716,-0.003720508166969181,-0.002598593702231651,-0.014909937085236571,-0.018223938223938137,0.004404145077720251,-0.0049290911988102044
2017-09-26 01:00:00,0.0015845430382334436,-0.0009206533228764682,0.004019366036357037,0.00021079258010123385,-0.0005231341548477297,0.05635519899323579,-0.005675710538762493,-0.005973434778427218
2017-09-26 05:00:00,0.011992549309790513,0.004274234911950761,0.0046452318061754394,0.026918287192259815,0.0052012203980822905,-0.007483246463142238,-0.005818965517241354,0.005168930536451263
2017-09-26 09:00:00,-0.008370943748266512,-0.010077968063736271,0.09021670142351974,-0.008721580320536647,-0.008875654109688031,-0.0332082551594746,-0.007352305163913106,0.007451517030511693
2017-09-26 13:00:00,-0.005110602593440099,-0.004952538175815098,-0.0253112033195022,-0.006805534666867234,0.004581934919013717,0.015444015444015528,0.006708778043999094,-0.0010569372073604506
2017-09-26 17:00:00,-0.00830352580480327,-0.00013825521913459306,-0.0198036705078958,-0.01186825667234517,-0.014435847095507562,0.0007580926389204599,0.00043196544276455427,-0.01519827268418556
2017-09-26 21:00:00,0.017724193008218096,0.010996991389148277,0.01872333014020725,0.008671516079632386,-0.0011717834544177235,0.1042984283279681,0.1201585455172116,0.00552934395081233
2017-09-27 01:00:00,-0.0021768845238697688,-0.007354198734393822,0.00957264957264958,0.0042320611845975565,-0.003490247836926229,0.010573655120326816,0.08366348170589613,0.011146496815286594
2017-09-27 05:00:00,0.03815322171486557,0.02526279510597981,0.024524779361846542,0.028987150415721818,0.023855102341334016,0.08996057640021746,-0.03424829116415558,0.0305091863517061
2017-09-27 09:00:00,-0.0003909686247678401,0.009177396039936671,0.023935729667053148,-0.0007896718270803513,-0.007934226412924713,0.0410963175454462,0.054598020682753115,-0.007234620054897431
2017-09-27 13:00:00,0.022733383851964,0.029313790806129288,0.0667852522639069,0.0380514705882353,0.021944026830114583,-0.07471178320107813,0.024921024921025003,0.03278469430765585
2017-09-27 17:00:00,0.005325500310455218,0.0019083969465648048,-0.017586416009702798,0.006072946175637457,-0.003997958489282139,0.02803316236007613,-0.01430286400274401,0.01722249875559984
2017-09-27 21:00:00,-0.0008318478906714201,-0.002194751960752693,-0.008811934760763623,-0.007787915545945272,-0.014602903501280944,-0.016263736263736284,0.470618969661082,-0.015250757649819162
2017-09-28 01:00:00,0.006612749762131347,-0.007696536558548637,0.08268330733229333,0.003266987446955925,0.005458483754512596,-0.07006369426751591,-0.1176958241550013,0.0013898540653231467
2017-09-28 05:00:00,-0.00860438729198176,-0.014371374568207081,-0.0567002881844381,-0.022989929738243983,-0.028275724047231002,-0.02743150684931501,-0.16612080536912752,-0.03633392751039807
2017-09-28 09:00:00,-0.011969480209823514,-0.006418315357639111,-0.008650386588073284,-0.014041381309562735,0.012004589990290358,-0.0031340235227832465,-0.028540849090260476,-0.002574887156339811
2017-09-28 13:00:00,0.001013440146707482,-0.0011984819228977085,-0.002708139894769432,-0.003689359593252703,0.0012259910093993108,0.0969664902998236,0.05283346119208824,-0.004255579707926416
2017-09-28 17:00:00,0.010003615764734242,0.00900210049011432,0.026473099914602848,0.01268647083771266,-0.0047521865889212705,-0.031884245621985545,-0.016410581340091716,0.0043865043250112465
2017-09-28 21:00:00,-0.02780429594272076,-0.06383260057518761,-0.06992742667069844,-0.06498661665361706,-0.050940301130704746,-0.09742696328062174,-0.11996779388083735,-0.056283997726719236
2017-09-29 01:00:00,0.007732907818829016,0.02444538646319068,0.026057309846578437,0.02333008763388511,0.0091771467416495,0.05452232159562926,0.04693272853641579,0.007966710147583624
2017-09-29 05:00:00,0.025062778847794863,0.020103448275862013,0.03026701529197367,0.021957722338602145,0.017794793261868308,0.058146964856229964,0.04892667967661005,0.005046617055854869
2017-09-29 09:00:00,-0.0018788945440709093,-0.006653607133207142,-0.007536142725315209,0.0016974445066219189,0.0005719446116797043,-0.034087096557740115,-0.01622516556291383,0.019000106145844457
2017-09-29 13:00:00,-0.006004717992708514,-0.005066131719424736,-0.006046042942407519,-0.007262569832402245,-0.01073712148630716,0.002255378209576727,-0.013803990058440295,0.005197862522265343
2017-09-29 17:00:00,-0.0008390267289943665,-0.000444004235117304,-0.008963367108339846,-0.008085242088281173,0.004512195121951275,-0.008795927554801323,-0.007394474684194395,-0.01893264248704661
2017-09-29 21:00:00,0.009237930703522409,0.015030402404864309,0.03009532813361693,0.019782505910165477,0.007421150278293128,0.038675191279740034,0.00896520809627262,0.00824764125940852
2017-09-30 01:00:00,0.027365017474620064,0.01934744505864908,0.0273040152963672,0.029283581535950755,0.0042569893122395034,0.06446303201316808,-0.0045154448739438075,0.00452616394539342
2017-09-30 05:00:00,-0.0047420772611612315,0.0014879968256067346,-0.007511527591848809,-0.01640111621208032,0.0008116395118138093,-0.024498042682156832,-0.021215242018537608,-0.00885413969864862
2017-09-30 09:00:00,0.012550259139610012,0.006636510714167765,0.00427094260452573,0.015757686676427473,0.0018690461835281192,0.06458919845969655,-0.007751122334455595,-0.002194128095287784
2017-09-30 13:00:00,0.0005738683316499863,0.0003281055187348997,-0.006631892697466499,0.0020343132842457656,0.0015344345157504915,0.011341867607261151,-0.006751263652751846,0.002537804903626232
2017-09-30 17:00:00,0.0019041938148114574,-0.004723169771713454,-0.006751181456754921,-0.0023164359209179148,-0.00928680912451547,0.03188929001203355,-0.01181242439336794,0.002933898535138978
2017-09-30 21:00:00,-0.011701128895605862,-0.011501450039546564,-0.018276565214107632,-0.018394528437725082,-0.005855760186898723,-0.05489051094890519,0.0068222621184918395,-0.02079971684069156
2017-10-01 01:00:00,0.004958179838279844,0.0023337222870478034,-0.0026964560862866053,0.0008984561223368403,-0.004549757244496043,0.025393883225208608,-0.005392664547694693,-0.0012460269690921428
2017-10-01 05:00:00,-0.005878827001106602,-0.0041243971395308575,-0.02194840200231037,-0.0070096451252768645,-0.006652360515021509,-0.017604894580571732,-0.009804977911863013,-0.003154340393551616
2017-10-01 09:00:00,0.0009044317154054024,0.00033399018068857385,0.012440944881889862,-0.002819964612208764,-0.004505894697858094,0.004670899987788457,0.002830804964796301,-0.008922035624489386
2017-10-01 13:00:00,0.0,0.003769682412596729,-0.009345794392523305,-0.0006837670017740803,-0.01017622238768917,0.02666058671530613,-0.02696734959820455,-0.006615333397768396
2017-10-01 17:00:00,0.02050604754622549,0.011200106351158244,0.01429469054351244,0.014738788719371187,-0.008221929329065477,0.05508010305309602,-0.013876006381478696,0.012410676641333563
2017-10-01 21:00:00,0.0033830574665666816,-0.00956481724953992,-0.002013007122948265,-0.0011662657628107016,0.010884009365310376,0.009930988049149951,0.0011316057485572454,-0.012462729788283814
2017-10-02 01:00:00,0.002466565590278481,0.00026555135099244533,-0.005973159568691332,-0.0044150915857840865,-0.007545161391315316,0.022222222222222143,-0.03733845748087873,-0.00013037243057668565
2017-10-02 05:00:00,-0.007833133930788464,-0.004214088993595853,-0.009913355709936823,-0.008210240809295173,0.002054816172984017,-0.02738907154308061,0.04999803929257676,0.002184782608695581
2017-10-02 09:00:00,-0.001183108846013792,-0.010428814180521759,-0.015228025879753797,-0.005416597341615485,-0.005255042638220258,0.008940795171970616,-0.02136560585686548,-0.008434843809214559
2017-10-02 13:00:00,0.0066731956180108385,0.0009426974614505071,0.0018433918409873921,-0.005594899533448613,-0.005345394736842098,-0.00740022172948991,-0.016660298051203722,0.004193329984493419
2017-10-02 17:00:00,-0.004479638009049815,-0.002151549788206772,-0.007279999999999944,-0.004467289719626116,-0.017115304786537704,0.021074668527564417,-0.0016317016317014728,-0.00633985080145282
2017-10-02 21:00:00,0.0054088450524976545,0.010713563776025895,0.0,5.62355896301594e-05,0.00513286985900846,-0.01582875420323138,0.0011641443538999278,-0.012202982465723388
2017-10-03 01:00:00,-0.03094484629294748,-0.02790000000000001,-0.03437751004016057,-0.03169575078255333,-0.029094792711738274,-0.0597238812189229,-0.04899224806201545,-0.026001459886305967
2017-10-03 05:00:00,0.00289341049094634,0.0007195230590008207,-0.0029072182074923285,0.004432057907062384,-0.0074000000000000905,-0.001765588676691145,-8.145975887915539e-05,0.003806818181818111
2017-10-03 09:00:00,-0.0001861330851559288,0.002431007327261452,-0.0010821609922583783,-0.0018883193957379106,0.008540685944855483,-0.029204401309773212,-0.010834589222434918,0.02485897421404264
2017-10-03 13:00:00,-0.005982866188658331,-0.008675455973768577,-0.005421636500125221,5.791505791506011e-05,-0.02716065880466374,0.012488984776201079,0.00934617918313575,0.005626034197462668
2017-10-03 17:00:00,0.009531839153141932,0.004961240310077512,0.03430057027843012,0.005036470996873831,0.016361886429258867,0.0049724418883296435,0.028628522490926067,0.023934213848907118
2017-10-03 21:00:00,-0.001067384444032013,0.0035654290513902455,-0.009932426931531376,-0.004736609967975146,0.005771372641668566,-2.98160350637996e-05,-0.01832864890542743,-0.004674608474612757
2017-10-04 01:00:00,0.006503913962509582,0.006489071038251288,0.012655107239707444,0.011428791318736316,0.02696907769104496,0.03742327632441453,0.0035508211273856892,-0.011369291014906512
2017-10-04 05:00:00,-0.017888055395268318,-0.0038682094262155564,-0.023189815940971345,-0.008762426108608437,0.011537211569710795,-0.03785398357171572,-0.025075346594333855,-0.01614920460778945
2017-10-04 09:00:00,-0.007528703180877096,-0.0013973620530998432,-0.00672422380873315,-0.01190841451254127,-0.005623754740021853,-0.03145838940223078,-0.007211142244931597,-0.007158737216540588
2017-10-04 13:00:00,-0.002867366525272981,-0.003686761794224019,-0.00460520807167376,-0.006350747718003598,-0.017488384099122404,-0.033473320158102754,-0.011091264071781612,0.02065525475930099
2017-10-04 17:00:00,0.002377612401626287,-0.0014734605763629745,-0.008907563025210072,0.0014072669702715386,-0.002989978643009775,-0.003040486477836531,-0.00462165455232971,-0.01597381127035049
2017-10-04 21:00:00,-0.009464171351312802,-0.00545641729581323,-0.016355932203389947,-0.009081853870041668,-0.018019507356587833,-0.038954793202949665,-0.02680307770355967,-0.01800544814298043
2017-10-05 01:00:00,-0.003927203065134013,-0.005763191496704142,-0.004212155076076635,-0.005124566382844489,0.00016811808614355445,-0.011691792294807376,-0.012554845996785205,-0.007013757755597624
2017-10-05 05:00:00,0.01928255433737253,0.007776427703523725,0.01437229437229425,0.004438104295450877,0.008290923797647658,0.06996610169491525,0.05007460721495653,0.010269736618136028
2017-10-05 09:00:00,0.01851720802962753,0.011324521547569948,0.021791352093342445,0.013699982233452488,0.0222950162115184,0.04000886974151044,0.01851464872319964,0.008644823184251095
2017-10-05 13:00:00,0.009750335819167042,0.010105478053759876,0.010502436565283149,0.005549929895622444,-3.278581030127178e-05,0.008129584352078188,0.03200656544932299,0.01720105954980208
2017-10-05 17:00:00,-0.010963805679159637,-0.006396875631270545,-0.00614822200066466,0.0005810012588360827,0.0020338538249573697,-0.021365832902774697,0.02162571189613277,-0.003225138648274576
2017-10-05 21:00:00,0.003965769150490588,0.002270493747670257,0.02834685174345685,-0.00017427337683713844,-0.0005891209007004215,0.022635658914728584,0.048124999999999966,-0.0058152245201346315
2017-10-06 01:00:00,0.019150803917944843,0.01363006054046732,0.005691519635742767,0.018011736680030206,0.01512869212129152,0.02961275626423695,-0.019337531204590332,0.009012280470090984
2017-10-06 05:00:00,-0.002607059463625853,0.005438953585371536,-0.0075224460082504215,0.0015030155438443072,-0.0006774193548386438,0.006882352941176523,-0.0011009452944080347,0.01270111927247296
2017-10-06 09:00:00,-0.003409400854623148,-0.0009618254784251386,-0.006519967400163005,-0.002850952218040799,-0.0014541929229277386,-0.01478192281849786,-0.01625398754367299,-0.01097241252818622
2017-10-06 13:00:00,-0.009031816626753418,0.0013611313989773857,-0.006491905661927901,-0.008272339127782814,-0.014692556634304271,-0.01663454410674574,-0.01426858976837719,-0.011386791322066422
2017-10-06 17:00:00,0.005776887845520119,0.022578078376765474,0.02112326043737581,0.0004997117047856284,0.006601635629125992,0.008563244384139874,0.011061860118463863,-0.0048990596435852215
2017-10-06 21:00:00,-0.0012128146453089662,0.0030154664245645407,-0.009511421835623193,-0.005454405777060746,0.0071137216511666075,0.01962368003829007,-0.00464756003098369,-0.00023127498595831318
2017-10-07 01:00:00,-0.007239901940568528,-0.010733221259537028,-0.002791919855477147,-0.0012747711206397515,-0.005935199299451834,-0.021990604815032358,-0.02239388264669156,-0.004428629658598934
2017-10-07 05:00:00,-0.0012462497115161865,-0.0023202614379084297,-0.0037052284890901547,-0.0021853484953972217,-0.009787928221859706,0.008304353039932875,-0.002234726046530198,-0.007059864999446777
2017-10-07 09:00:00,0.00543051254795027,0.014383539202516444,0.0011570247933885224,0.004167878259183799,0.0033551527910265517,0.0,0.00967845144776842,0.006291689402122445
2017-10-07 13:00:00,-0.002137439669041641,-0.003229974160206718,-0.00016526194017523285,-0.0008303883513894379,0.007283942515913208,0.008855869242199162,-0.0058613861386138215,0.007739852500525234
2017-10-07 17:00:00,0.021603943065088255,0.010118700136213287,0.024043625547384977,0.0165201429813544,0.01436809696021884,0.05715465376902192,0.0053923317870028355,0.002713644818908028
2017-10-07 21:00:00,0.002006357221758955,0.0006742438836448867,-0.005809262546393493,0.001634670214788035,0.009802661181461758,0.0065159278235687726,0.00940870797575,-0.003723032579264499
2017-10-08 01:00:00,0.0018675186751867926,0.0007057842225146043,8.113590263701601e-05,-0.00041821914683291134,0.0014618489210918724,-0.008382902199474459,-0.003087264058775224,-0.0014323827851644528
2017-10-08 05:00:00,0.0030543951848357037,-0.0016675752814032706,0.0016217969510216974,-0.0015406269020085794,-0.0121192893401015,0.032182366744887725,-0.004266979839498826,0.0028700197518470184
2017-10-08 09:00:00,0.025342527088743582,0.006681228318129204,0.005826185466903964,0.018523806804119768,0.0007368724569891332,-0.06490202446681832,-0.012422360248447192,-0.007127312295973897
2017-10-08 13:00:00,0.004563318777292497,-0.003189792663476874,-0.0014474107430042366,0.015308125081774222,-0.007820512820512814,-0.06294213150875565,-0.025640004777640637,-0.007222471860854991
2017-10-08 17:00:00,0.002412623891497012,-0.008544000000000052,-0.024321494724973795,-0.01859351988217964,-0.028856718154204118,-0.006094919868820083,-0.013926782587449556,-0.006539840088227224
2017-10-08 21:00:00,0.0045318530725529365,-0.015106520335700473,-0.004040570627525461,-0.01219283436503481,-0.0009596928982726203,-0.06328562538892342,-0.003148823334438264,-0.006702890482340933
2017-10-09 01:00:00,-0.010382938306782444,-0.00039328788673310353,-0.014638987676784353,-0.012096467907329916,-0.013978601477359206,0.03727553357453451,-0.000624583610926073,-0.005728057392668936
2017-10-09 05:00:00,0.004561227384823473,0.0010816834928544675,0.001175186770754583,-0.004130484899715597,-0.006675612210667591,0.004554785732614929,-0.016244962399767318,0.0118925383912352
2017-10-09 09:00:00,0.008317588550828542,-0.021737707064754752,-0.014567983924983359,-0.012924382716049414,-0.010467668411277956,-0.008343989769821059,-0.011226470836498678,-0.016692836223120632
2017-10-09 13:00:00,0.03278052982985135,-0.02272270932333853,-0.061257434154630426,-0.027750635137776074,-0.060646394321012875,-0.07774660604301692,-0.026430401366353537,-0.023921661640632884
2017-10-09 17:00:00,-0.0026901901901901144,0.016786898697391254,0.04234054152280568,0.006391959798994932,0.02746693794506613,0.01227315640407004,0.008639593018156297,-0.014874221093930318
2017-10-09 21:00:00,0.0018192463719626567,0.002689708502841043,8.735150244579365e-05,0.009243915586878707,0.014768752429071146,0.006379310344827542,0.0087395104134962,0.028146761074375345
2017-10-10 01:00:00,-0.001628120564415167,-0.005300590445517929,-0.011978665734021043,-0.01056379821958455,-0.01581013933771156,-0.01564537157757495,-0.008620689655172414,-0.0190272678707418
2017-10-10 05:00:00,0.004787790089901659,0.00839797639123106,0.005221238938053032,-0.007970594698256077,0.0008824256115209488,0.05898778359511349,-0.0007819627264434026,0.0024341617210681767
2017-10-10 09:00:00,-0.0006243366423175376,0.01860340616321478,0.013132381456019668,0.02396246551619979,-0.00444880372718688,0.007646671061305186,0.00882570323029434,0.00016057623930442724
2017-10-10 13:00:00,0.016992919616826398,-0.01599343185550084,0.003309527956801973,0.0003341720396289317,0.013999508789165324,0.00722772277227715,0.05194749300624056,-0.0023037249283666865
2017-10-10 17:00:00,-0.02148445500348186,-0.0010346093515335656,-0.009986973512809395,-0.002910750108169692,0.00865171650055371,-0.03452811575139759,-0.03152465442541773,-0.009109868451207792
2017-10-10 21:00:00,-0.009043143329635286,0.004577041293598839,0.004210526315789477,-0.004833014420136853,-0.005273861638688875,0.018170661030239024,-0.007213476471336991,-0.012684162062614985
2017-10-11 01:00:00,0.013751874775555116,0.002758666533718829,0.0016593886462882208,0.0008332341387930324,0.009291360421578168,0.031932716793995425,0.00556769026510764,0.014129661797451568
2017-10-11 05:00:00,-0.0011460720983538235,-0.004342061650646345,-0.0037587412587411937,-0.0011297643351238214,0.0032649414028937296,-0.02128902446939699,-0.00012776831345826718,-0.0014775616796095419
2017-10-11 09:00:00,0.010703778663383935,-0.0011984819228977085,0.002814919071076709,0.013752728716015041,0.011663407773318356,0.0101083750372851,0.015212852090169269,0.005525813937458293
2017-10-11 13:00:00,-0.000701884767036301,0.008299446703553126,0.0019315188762072204,-0.004760691965597675,0.016852599098029806,-0.021853261582884902,-0.009319116782805805,0.006024233849804963
2017-10-11 17:00:00,-0.0032639907451402035,0.002314049586776822,0.002363859219050889,7.874015748041121e-05,-0.005968855246923751,0.0065747542853309675,-0.0012270457815011936,-0.0041638302700250105
2017-10-11 21:00:00,0.007254036353085039,0.014209415798496643,-0.0003489183531053349,0.003957627786091213,-0.002750754780275243,-0.002399840010665928,-0.004321667655283494,0.00027404768429707807
2017-10-12 01:00:00,0.03952756229552056,-0.002633375597386139,-0.0023529411764705225,0.010101010101010112,-0.0037373737373737827,-0.029058116232464962,-0.00911635006784263,0.009012310334955531
2017-10-12 05:00:00,0.02672209026128266,0.0010104961209987688,0.02909059142133312,0.02701547903435696,-0.012340670115292213,0.011374995691289577,-0.0015461260951727092,-0.012759332588756896
2017-10-12 09:00:00,0.028459046737621545,0.003809461791423879,-0.005263157894736791,0.04009077155824503,0.016496896114140694,-0.008072482032766847,0.0004293688278230756,0.011041531213998148
2017-10-12 13:00:00,-0.0044621932242158695,-0.008698756856762472,-0.0075964493001023075,0.033509090909090974,-0.014207613390928657,-0.022664835164835168,-0.015105999485022788,-0.01943171816109588
2017-10-12 17:00:00,0.02450140303960533,-0.0050424020169608725,0.011202068074105904,0.06437254798472931,-0.005776790292257725,-0.008218889396227802,-0.011530261497628706,0.0002074377974715716
2017-10-12 21:00:00,0.05670955882352941,-0.00033015286077442597,-0.0204516403919898,-0.04768595041322311,0.011242522175617073,-0.027688162512851503,-0.006583598444680014,-0.006628003314001581
2017-10-13 01:00:00,-0.016142499304202647,0.07868765884410989,0.01978823120985938,-0.014005796699005571,0.014886313428270384,0.0221396839268808,0.03848888888888887,0.014332595057805863
2017-10-13 05:00:00,-0.000459688826025524,0.0103723648379893,-0.003489361702127691,0.026835959482273557,0.009565857247976308,0.0059676044330775535,0.042683711552485896,0.042201373573003895
2017-10-13 09:00:00,0.017087062652563125,0.02681516903241414,0.03564711916566933,0.014556539311218834,0.0095755607832742,-0.021221751412429345,-0.018053213801044483,0.020499665647164468
2017-10-13 13:00:00,-0.03739130434782609,0.005692039991742138,-0.005694948827995961,-0.023213050592978686,-0.005086469989827097,0.010830324909747318,-0.003308484797721719,0.016042895442359196
2017-10-13 17:00:00,0.018392050587172568,-0.01041025189877133,0.00215964781127999,0.024442486742326082,0.019767403551543508,0.04682310082502947,0.0067649901256354675,0.0005685826498057557
2017-10-13 21:00:00,0.008196139653704197,0.00883119962067336,0.002154993783671761,0.0008936701176947421,0.007145397523359888,-0.0062700197641927715,0.003967425349759938,0.0007726584743700453
2017-10-14 01:00:00,-0.009414041879289108,0.015656669506212684,-0.0017381228273465315,-0.012179530314245405,-0.004176035978156157,-0.007910958904109524,-0.005206164098292379,-0.011904761904761906
2017-10-14 05:00:00,0.013429256594724286,-0.015212864414622834,-0.004232013940751817,0.032152041007476116,0.005316578057032309,-0.0029686906693362587,-0.0027223990618193052,0.018224567525586675
2017-10-14 09:00:00,0.0014368823158337105,0.005610056981730675,0.019905055384359188,0.08187038014783521,0.009256590115627442,-0.024929981674215968,0.004735761284103747,-0.014937846025279504
2017-10-14 13:00:00,0.00027996500437451683,0.007799491718517267,0.004250102165917563,-0.027995725843382738,-0.0013948327785702893,-0.0008139864099660139,0.0018779734579750802,0.021615616568798672
2017-10-14 17:00:00,0.02003881865393701,-0.016724152923103627,-0.007082383588407808,0.004130284565613388,0.003611366300250218,-0.018198555445404312,0.002325002075894602,0.034286600817086385
2017-10-14 21:00:00,-0.007352311093591945,-0.0017097040443343474,0.015413626301549613,0.057784384290408365,-0.015653163836448297,-0.008412767186597362,-0.015117001449575387,-0.016998300169983032
2017-10-15 01:00:00,-0.00351887947837796,0.0023931219901319033,0.0054106436243236845,0.022559171597633224,-0.013436560240578377,0.0035033939128530788,0.008026221792662927,0.008312163398028635
2017-10-15 05:00:00,-0.05642313019390576,-0.05393616080638985,-0.071726907630522,-0.09309665836566862,-0.04400651465798042,-0.01651089209731973,-0.037719334805985126,-0.0493969564513517
2017-10-15 09:00:00,0.014293577981651309,0.03897317673447768,0.026938068427890857,0.02546751771688169,0.028305742898017582,0.004839484280911753,0.0012125936512061026,-0.005619898286251661
2017-10-15 13:00:00,-0.0027134587554269174,-0.0146326836581709,-0.006669480793583843,0.00012499999999993072,-3.320053120846914e-05,0.0021290654136994283,-0.0046185351400810535,-0.012281078757924
2017-10-15 17:00:00,0.03645993941482704,0.02626293365794277,0.015548003398470674,0.030737448353574538,0.02543329570356587,0.025170867935621455,0.016065487655401927,0.03360111315237354
2017-10-15 21:00:00,-0.017786803452320574,0.01883993472778509,-0.0032578731935510572,-0.03146019647439308,-0.0050442992950915175,0.009713957989820087,0.0,-0.020575397658119072
2017-10-16 01:00:00,0.0031895937277262357,-0.007221898660454169,-0.0010075566750630104,-0.006830001879817031,0.0031246948540180953,-0.028854022129718576,0.009945322254273052,0.013530306601246878
2017-10-16 05:00:00,0.02168815943728009,5.866823115294413e-05,0.01776692489053556,0.025867507886435454,-3.2466478361062645e-05,0.010369339000439605,0.003972830962450369,0.029832935560859218
2017-10-16 09:00:00,-0.008032128514056193,-0.001349052730365524,-0.0006611023882324514,-0.008627185630584327,-0.004610239927275141,0.011795876887340276,-0.00021269355113157806,-0.025407605916167263
2017-10-16 13:00:00,0.0051175996354586245,-0.01656241740815783,-0.013758806464981382,0.0044978673904615156,-0.0160874530918584,0.00878860709545507,-0.008341490403030208,-0.003991051642107647
2017-10-16 17:00:00,0.005178727114210953,-0.0015821367802024825,0.0042030934767988345,0.0008497226814156782,0.0011257159884780713,0.014792688997937571,0.00360515021459229,0.00989273195658613
2017-10-16 21:00:00,-0.02163165472617826,-0.01887526174095125,-0.02038419595671492,-0.04093946267919693,-0.0019186873532040126,-0.010023832889387402,-0.01603249251817016,-0.015626304801670144
2017-10-17 01:00:00,-0.0009042553191490008,-0.0017988353303455343,0.027094017094017108,-0.005547961727104589,0.0025851783110167467,0.004815181985554427,0.022939973011796504,0.009055723450506328
2017-10-17 05:00:00,-0.013487133984028394,-0.014994197764612374,0.0017482517482516665,-0.026041161836451197,-0.0009917355371901204,0.015280375480820126,0.02739609478027821,0.007045418909737023
2017-10-17 09:00:00,0.00304011512862019,-0.009424603174603238,-0.0006673896721448982,0.006459755226755605,-0.008841937940855103,0.08689607229753216,-0.01221430937396496,-0.02512380972074324
2017-10-17 13:00:00,0.00848308762868112,0.006885327991988125,-0.005596391580354175,-0.0041577297475664495,-0.0003341129301704736,0.01307962903741602,-0.020691966155650488,-0.02206194314806956
2017-10-17 17:00:00,-0.004640907555255153,-0.01886733805793873,-0.00604026845637577,-0.01935216634910114,-0.0050683561187061755,-0.0005681997537800161,-0.012938212562449298,-0.010509761388286423
2017-10-17 21:00:00,-0.018614455679016723,-0.02696194911763771,-0.017926602401488224,-0.03444140400662142,-0.023308546467037942,-0.055171106265996736,0.00034674063800282814,-0.007450549450549421
2017-10-18 01:00:00,-0.03977355468181156,-0.024388655530591673,-0.03460148046135316,-0.03874857991785381,-0.040068201193520885,-0.031853314149964916,-0.029967088169062826,-0.018219250863366697
2017-10-18 05:00:00,0.005137440758293908,-0.005806968362034472,-0.006785108472457862,0.016582421178951944,0.0044720496894409606,0.06243702442583651,-8.928571428575996e-05,0.005900105116815363
2017-10-18 09:00:00,0.005356469256884126,0.01957689724647409,-0.0011719102136482375,0.006939848682680752,0.012469618514213323,-0.03895806028833552,-0.0013846085131089994,-0.010011996457121084
2017-10-18 13:00:00,0.01003639365174652,-0.007546050680462716,0.00045126353790620773,0.02376554174067497,0.006575742815392061,0.017996257866984174,0.0034886841399051844,-0.009210704760182606
2017-10-18 17:00:00,0.033970394309169524,0.040705202695972616,0.032115471357690564,0.05032986111111112,0.02318830562947085,-0.007857166739108613,0.012925655197004712,0.01833375191214405
2017-10-18 21:00:00,0.01152996533826616,-0.0022972369344650217,-0.002267771478412543,-0.001090927122762401,0.005741303613644001,-0.00942981714942373,-0.008653467942834621,0.00395753220399783
2017-10-19 01:00:00,-0.006637914204071589,-0.018516149664214783,-0.012240972282941224,-0.02566225165562909,-0.0183008730691739,-0.00772634445200818,-0.019921363040629102,-0.00955954614491194
2017-10-19 05:00:00,0.01493657316419517,-0.0019548431238393857,-0.0027474962332711874,0.025793954223377696,0.007562277580071105,-0.006960875081438789,0.006195952571988885,0.01040795570120925
2017-10-19 09:00:00,-0.007762444553967377,0.0040806999216505616,-0.006289865343727829,-0.0294522022892544,-0.00879435525104811,-0.014848066298342531,0.015422113893197384,-0.00624175037472866
2017-10-19 13:00:00,-0.0033350481630626,-0.0057869241522805455,-0.0021380846325166265,-0.0015701802293828296,-0.00314723590585665,0.01156677181913769,0.01828097731239092,0.013992306481002404
2017-10-19 17:00:00,0.013491385447814358,0.003465071426236482,0.008123549366184547,0.01798352080413005,0.0048300904357357075,-0.0030145530145530056,-0.011323668182208058,-0.02050515121302757
2017-10-19 21:00:00,-1.7562037898941674e-05,0.003681261402137072,0.0075408090844569795,0.0006542636179100718,0.0007143100105445067,0.0013903371567604848,-0.0007375271149674077,0.0072204617473970705
2017-10-20 01:00:00,-0.008465348273560684,-0.011363636363636364,-0.01047996477322763,-0.014619098712446347,-0.008233532934131791,-0.008905984683092418,-0.005901240996268392,0.005353801762809772
2017-10-20 05:00:00,-0.00044297965837408743,-0.000492610837438349,-0.0071282188363182815,-0.0013462161102874876,-0.0051457975986277885,0.005384615384615382,-0.010213880401571382,-0.0041195449521619215
2017-10-20 09:00:00,0.05707297187117815,0.017711037360759845,0.016781836130305962,0.040298354611865865,0.010310344827586238,0.006921739130434839,0.01567744214803044,0.035968232928569
2017-10-20 13:00:00,0.01518605430774394,-0.012644345526094959,0.001057921184871767,0.008958309406224867,-0.0058022458104371784,-0.03125755534832318,-0.015087612504891509,-0.009008423038147615
2017-10-20 17:00:00,-0.0120199451837665,-0.011175374963238765,-0.023272214386459742,-0.024652009886821997,-0.01261732045243585,-0.013260613838092178,-0.023635563380281586,-0.015193672771886782
2017-10-20 21:00:00,0.019235590019553186,-0.007237994513666251,-0.010830324909747224,0.0007167383405007044,0.0004868379872726166,0.01676240020230478,-0.001356668023334613,-0.013071241044809296
2017-10-21 01:00:00,0.0002131601816780924,-0.006892647842301523,-0.0045587162654997,-0.02571747422422834,-0.00024330900243306632,-0.02387635459228995,-0.015154942320742016,-0.02257003132535551
2017-10-21 05:00:00,0.0021311475409836068,-0.010900187818620876,-0.014182450361423838,0.008185095948462931,-0.006493053131327086,-0.011334419699438669,-0.02420984932010295,0.0018540056886882782
2017-10-21 09:00:00,0.005873114550273146,-0.012478383235563415,-0.006388888888888967,-0.03389830508474576,-0.023155305692199687,-0.02839035826800493,-0.015282205137821072,-0.006684859881667642
2017-10-21 13:00:00,-0.01941652844179914,0.02115239337957547,0.0003726823814403764,0.013877679918593705,-0.003031943692474397,0.0228526398739164,-0.00845176826101323,0.01915040978875685
2017-10-21 17:00:00,-0.0042944785276073025,0.00672879588197692,0.009307520476545015,0.002990957970989468,-0.0026067122841315323,-0.0038517975055025844,0.003327312482175193,-0.005673967700287715
2017-10-21 21:00:00,-0.010822691020496513,0.005579872364596074,0.022326350606394738,-0.006967861812676366,0.011861709822074459,0.04676814471652321,0.004317424562391418,-0.008207825324727112
2017-10-22 01:00:00,-0.006817148916830784,-0.022531653982918582,-0.0344207782870496,-0.013581784836845629,-0.007476098051901519,-0.009448542325254595,-0.020042882446163802,-0.005086295576637252
2017-10-22 05:00:00,-0.0176017601760176,-0.006254674009110177,-0.013953488372093056,-0.011330749127392013,-0.006148504466707615,0.0020921243927520677,-0.005643019726858866,-0.010345224395857316
2017-10-22 09:00:00,0.032978961696848656,0.009644652689900451,0.01599167297501897,0.015709498395361544,-0.0053662073966643156,-0.01902740937223697,0.026692087702573853,0.006857833621982302
2017-10-22 13:00:00,-0.020049707260929882,-0.012735401707085729,-0.007357734935270619,-0.016919792833146673,-0.020198350710211803,-0.002470815727279205,-0.012044830953820413,-0.012338560885608776
2017-10-22 17:00:00,0.01811063829787228,0.006894422720724398,-9.376465072662408e-05,0.003735857112360239,0.01659074917601755,0.021439564766097572,0.0032000000000000322,0.009083373223897044
2017-10-22 21:00:00,-0.003193339129271627,-0.006609430362496586,-0.011253868517302916,-0.017622630794349437,-0.007846428962446543,-0.022380218548613037,-0.012833168805528088,-0.009261825572801096
2017-10-23 01:00:00,-0.014389454441779763,-0.02332910828680073,-0.022384520534952,-0.022671845361755857,-0.02272894446487661,-0.0171926939986418,-0.014285714285714284,-0.009975876094025064
2017-10-23 05:00:00,-0.00025524094745439695,0.002560505085934624,-0.006798096532970795,0.015471349353049838,0.006481342724411664,-0.005743366048709606,-0.0016425120772947026,0.004932138947417948
2017-10-23 09:00:00,-0.015215985294618178,-0.024380006296127774,-0.029030996382125824,-0.025703103667971218,-0.003386424531110542,-0.018205698858039285,-0.03013155349197132,-0.01766573339737352
2017-10-23 13:00:00,0.026757009022712382,0.014588336499516087,0.022622159662175716,0.020039256005234183,0.049064635375826095,0.023299888517279783,0.039543233270170584,0.025549967824201037
2017-10-23 17:00:00,-0.0055552749861118135,0.005968357112586514,-0.009747932256794031,-9.16304726300247e-05,-0.011491399184252559,0.013595550547093634,-0.017988199740969924,-0.007085772697704669
2017-10-23 21:00:00,-0.04269293924466335,0.05364912280701761,0.05622330386411036,0.02652028884571685,0.037761390759146536,0.08146107613050935,0.05232331120655993,0.030583406625622863
2017-10-24 01:00:00,0.013881520778072502,0.01598454827000551,0.003937746109131803,0.02199646485386276,0.02193815857661089,0.0062185763429479495,0.00817122429082139,0.022549810758896543
2017-10-24 05:00:00,-0.006016007812091304,0.014386838828078868,0.01008874357776745,0.022012194056707568,-0.007780784844384341,0.021151509179886424,0.005036503095832194,0.001522780575099764
2017-10-24 09:00:00,-0.012718628844095924,-0.01234089293790784,-0.0016679021497406118,-0.014768978308063063,0.01917041888388575,-0.00903566031062088,0.029459074405992908,0.0143570467410282
2017-10-24 13:00:00,0.008155940154234272,-0.0013389503935206824,-0.009091752481677406,0.005084245779034847,-0.006733893932795039,0.0017833981841763851,-0.028826416778224045,-0.01969242928178612
2017-10-24 17:00:00,-0.02886954069582998,-0.03106605624591236,-0.02265069262448513,-0.039981363887355056,-0.021280901150045536,-0.028840551563410317,-0.012130680512796886,-0.011231677136874169
2017-10-24 21:00:00,0.006878402903811186,-0.0008437394532568342,-0.003545419701034957,-0.0034885811904334218,0.0015507615962505636,-0.0197904540162981,-0.0015349551141914158,0.003505189722647581
2017-10-25 01:00:00,0.0018565583373889548,0.008174294882621232,0.0033657082411770504,0.0005238439306359008,-0.0049674014281279035,-0.006413519291458823,-0.006287843502561688,-0.010475996745321316
2017-10-25 05:00:00,-0.00811399168810614,-0.016585692745853538,-0.021086935684846226,-0.01920959035187492,-0.014361352389521518,-0.0026980874316940105,-0.010465280724084284,-0.024146477972335538
2017-10-25 09:00:00,-0.008997079576992048,-0.003645655877342396,0.018336928809570444,0.0034239010382151524,0.003932446192198322,-0.016129584603267015,0.053880234386165515,0.037905947473520836
2017-10-25 13:00:00,0.029705505761843724,0.02466221994185045,0.012840316663448457,0.023243015171249763,0.013745584274771605,0.03053302231661047,0.02169981916817365,0.023429671579279242
2017-10-25 17:00:00,0.016786272559329258,-0.013686740552810864,-0.0051330798479087714,0.004679264226038989,-0.01318014008211708,-0.03395270270270278,-0.04336259643522214,-0.041010538345732456
2017-10-25 21:00:00,0.006935466964816011,0.007920121848028537,0.0009554748710110418,-0.001587669693347818,0.008531468531468524,0.006883057894553046,0.016114841398471955,0.00730335794454472
2017-10-26 01:00:00,-0.005431764542551588,-0.008429890848026837,-0.011046566993619623,-0.00998945656641478,-0.007679687227283992,0.007093425605536397,0.005571539480294099,-0.004278328404036811
2017-10-26 05:00:00,0.02612018425460633,0.011856368563685635,0.019238168526356226,0.021119133574007253,0.017926186291739976,-0.012438322368421037,0.024025797075120318,0.00934156145615131
2017-10-26 09:00:00,0.008434083218555046,-0.006293940408436544,-0.008413688788050542,-0.010252602923759494,-0.020848484848484783,-0.02810020442812099,0.0021730453678654514,-0.010612519632039463
2017-10-26 13:00:00,-0.005986004552735857,-0.00899595687331542,-0.008857986474902371,-0.016209075654254012,0.0001414577218234624,0.00392156862745096,0.016859153059869916,0.003212222335728326
2017-10-26 17:00:00,-0.0007973264118614719,0.0030258729133375933,-0.000961538461538441,0.007076755579749601,0.008395061728395044,0.0038364534119569656,0.01700087183958154,-0.0026696832579186
2017-10-26 21:00:00,0.005959354148627374,0.006472601579179319,-0.0025016838256518613,-0.0059299580036408965,-0.010231971406545715,-0.0006002824858756872,-0.008958422631804555,-0.01737580250256695
2017-10-27 01:00:00,-0.00832109642682333,6.734006734000609e-05,0.0014421690222094575,0.002592834348709035,0.005947955390334597,0.0054972161533581925,0.021927920104211827,0.005993868341581664
2017-10-27 05:00:00,-0.008049967663977703,-0.0021216407355021064,0.0004823461315841001,-0.001935075504114284,-0.004862579281183915,-0.0051228070175438865,0.054219427211693684,0.006575468444648842
2017-10-27 09:00:00,-0.013499837041357158,-0.011461704422869395,-0.010804553347482164,-0.0065585650874173725,-0.011116618282234605,0.012103300260361608,0.019020639417240054,-0.007388231520830186
2017-10-27 13:00:00,-0.002608695652173913,0.003680981595092164,-0.0002929401425642138,0.00023672518027542484,0.004882251579552029,-0.006257169673584306,-0.03435266084193807,-0.00634712190851392
2017-10-27 17:00:00,0.0042893759481089175,0.004684158718305541,0.004883289383728775,0.0005097396686691916,0.00497120989950283,0.008132351401347267,0.0022633744855967545,-0.0016693716670531586
2017-10-27 21:00:00,-0.008837112399736197,-0.011486486486486407,-0.005342399222923721,-0.005544849652765148,-0.009466192170818594,-0.020557901294386297,-0.02493211552703037,-0.012566168009205968
2017-10-28 01:00:00,0.010825392376681646,0.002497519586711695,0.003027343750000057,-1.824784219274785e-05,0.023641255605381075,0.007385159010600694,0.022598156798384058,0.0009040124243759179
2017-10-28 05:00:00,-0.016809635213586343,-0.0033101283101284033,-0.0155945419103314,-0.0108109093560854,-0.018371783184909923,-0.0011988716502115276,-0.034526748971193365,-0.012635128892174169
2017-10-28 09:00:00,0.0015864342246743402,0.002533725946723307,0.006138613861386254,-0.002360578341693717,-0.004787424080028493,-0.014233744216437631,-0.003406719754716226,0.007824523890644605
2017-10-28 13:00:00,0.014818465004135762,0.0042008196721310155,0.01446423300206634,0.005545696539485438,-0.009411006941959477,-0.012168933428775943,0.008601138260088112,0.0024947249390890602
2017-10-28 17:00:00,-0.007942977055548842,-0.0018025984626895203,0.0055275407292475175,-0.006895283625999817,-0.012499096886063071,-0.010505723808143715,-0.021825902335456417,-0.003715610222004829
2017-10-28 21:00:00,-0.00012238404112100603,0.0012602609080690913,0.03907603464870056,0.0010553015014904221,0.013230027044806685,0.0019038553069966534,-0.0006109801867853117,0.006366307541625933
2017-10-29 01:00:00,0.01619334079462793,0.011202669572323687,0.0010220198829321966,0.013501017199925964,0.0047755146340580775,0.014290949065591812,0.002882096069868981,0.0177963156065346
2017-10-29 05:00:00,-0.0019273127753303653,0.033737373737373684,0.005102040816326669,-0.00205892535029061,0.014624634384140437,0.014503210909878094,0.006792945787067286,-0.0004224564127740764
2017-10-29 09:00:00,0.0358047889120655,0.004983551024396696,0.001662663957140117,0.042596311849552634,0.008896797153024912,0.008629567811357012,0.0288877356858674,0.013078838553446142
2017-10-29 13:00:00,0.025407350638099364,-0.007097945161081212,0.013067083831784251,0.002048211753584448,0.008925106713232343,-0.008953966080269637,-0.008733071763067937,0.007071435005855329
2017-10-29 17:00:00,-0.0006499837504062399,-0.007596504955660019,-0.01557235224478639,-0.007369891721969909,-0.0039245917723736935,-0.01856575963718824,-0.005245202558635351,-0.010454403148620266
2017-10-29 21:00:00,0.002926829268292683,0.012550101846376218,0.004621072088724486,0.0011612767005664813,0.0034123689579962967,0.01494638795624383,-0.009259259259259243,0.003762669348368927
2017-10-30 01:00:00,-0.0027723735408560907,0.004351638359367307,-0.0040470934510670065,0.015483304042179269,0.006607929515418653,0.003907637655417513,0.002937365010799165,-0.004898499064016742
2017-10-30 05:00:00,0.0018370996585921286,-0.002520926925438833,-0.0006457564575645455,-0.013032581453634048,-0.005155716574932133,0.025524733677882046,0.0036769477008263295,0.007799028502518988
2017-10-30 09:00:00,-0.013979662996059216,-0.00839029447018036,-0.007643429413389831,-0.010922159887797994,-0.0064468659121966,-0.011874032008260158,0.04254310344827588,-0.007994104905879556
2017-10-30 13:00:00,-0.0007073182767753165,-0.004377654361319934,0.0026999348291592887,-0.004785537043601615,-7.06464146945908e-05,-0.004004875500609384,-0.00649243238772638,-0.007357153287131174
2017-10-30 17:00:00,0.009053497942386829,0.006887504099704896,0.002971216341689882,0.0005521024417175517,0.0014421385860005915,0.00667832167832164,-0.006270764119601409,0.00018032639076734906
2017-10-30 21:00:00,0.0007017085787953756,0.003290009446561748,0.007431490942870419,0.005166577587742725,-0.008544614091609459,0.0021840873634946228,-0.0116700704372109,-0.007561436672967829
2017-10-31 01:00:00,-0.006082645706271841,-0.00441544105710858,-0.013569648296870695,-0.009216589861751208,-0.009387683077466121,-0.008763153355183639,-0.001812739766451696,-0.0059343148357871
2017-10-31 05:00:00,0.024627147287076143,0.0052828958095548825,0.006644207374134356,0.012468471047029491,0.0005335609860206213,0.012702279450147971,-0.0036339051804275564,0.01735078665253991
2017-10-31 09:00:00,0.018349505235853648,-0.008591900917550284,-0.011269442116047352,-0.010583225852046798,0.007572525597269811,0.012849584278155664,-0.01403196405104063,-0.008182494421026521
2017-10-31 13:00:00,-0.0015723270440251573,0.0021913327882257267,-0.0016963528413910735,-0.002482142857142909,-0.003181786042565347,-0.014005030933442077,-0.0016339166702497975,0.010904134484325236
2017-10-31 17:00:00,0.016551181102362263,-0.008779946471701801,-0.00877938261115831,-0.004551481919506824,-0.015985790408525755,-0.018143416086700632,0.0018489057058090328,-0.0101023798223609
2017-10-31 21:00:00,-0.006692486444616549,-0.00391846949191609,9.523809523804244e-05,-0.005441343399218025,0.0,-0.02280590270422936,-0.017513736263736316,-0.00971949380967608
2017-11-01 01:00:00,-0.004006547665445447,-0.0016198347107438315,-0.000380952380952339,0.003497517306367979,-0.002164111812443725,0.0011560276001589547,-0.0017868038002266044,0.005779548228142432
2017-11-01 05:00:00,0.02717212665717109,-0.021131651178941058,0.0004756468797563741,-0.016541000757603116,-0.01390089311437631,-0.02497113163972287,-0.02322440087145975,-0.016722560627837404
2017-11-01 09:00:00,-0.002072380952381008,0.0039521686258612325,-0.007131311210421157,-0.00045854732208374326,-0.000876488203929622,0.016780011827321133,0.02312293545219167,-0.007900232018561455
2017-11-01 13:00:00,0.003114979386165771,-0.002557286584339954,-0.0052757793764989435,-0.003137614678899071,-0.005118268562863223,-0.026135950563431518,-0.01736202221639114,-0.002702356408195586
2017-11-01 17:00:00,0.02756562332593562,-0.025660096690219517,-0.023377125193199462,-0.026004423147806884,-0.0041800762031590855,0.004553768056436859,-0.011927544617027936,0.0011825313195176102
2017-11-01 21:00:00,0.016426282051282024,-0.013329178784101808,-0.0070088845014808976,-0.029187528447883505,-0.013707280832095091,-0.0565543071161048,-0.01743164722309808,-0.03175404409175231
2017-11-02 01:00:00,0.008934567432625743,-0.01087719298245622,-0.023612633256949296,0.0047740168264527455,-0.029345372460496656,-0.03279078999603019,-0.024266055045871524,-0.015181854589143222
2017-11-02 05:00:00,0.00601799612302165,0.022986874778290242,0.018652965486429127,0.024796447076239743,0.03162790697674428,0.005742411812961468,0.046824161833356935,0.05970425138632161
2017-11-02 09:00:00,0.016710287900140904,-0.005245058876654246,-0.0115143056524774,-0.0009514747859181193,-0.023411246359495114,0.011419249592169705,-0.0213978737842118,-0.029001348899948837
2017-11-02 13:00:00,-0.014498083424093694,0.005936168726866362,0.0005950279864858515,0.0393685812095854,0.014130058137296262,0.03389762192664253,0.008693641618497089,0.005963929007688495
2017-11-02 17:00:00,0.007478433117544946,-0.0106914745903915,0.009571360709917988,-0.012095150960658763,0.0027679824062486684,-0.03711356282406137,-0.005222649807586654,-0.009298726038814046
2017-11-02 21:00:00,0.025673904371117544,0.0018592577001332094,0.007987828071510134,0.010038896091868765,0.008383826835867492,0.02275965962297956,-4.616165812671793e-05,0.01919563440550037
2017-11-03 01:00:00,0.014307741460500909,0.023599439775910197,0.015531660692950897,-0.00524424233533815,-0.001207547169811295,0.015328263725763347,0.017850536440991417,-0.0008373332704352029
2017-11-03 05:00:00,6.847626612616067e-05,0.014433765434209975,0.008529411764706032,0.008903225806451556,0.017238127569688032,0.02663646305264811,-0.00036350418029813017,-0.0019490659747090702
2017-11-03 09:00:00,0.0029580126537208464,0.006473583060791046,0.06299980495416431,0.002192782092279533,0.013350191513889309,-0.001836898702690361,0.022727272727272728,0.021116901756408617
2017-11-03 13:00:00,-0.007901416523376803,0.004689960135338964,0.09607951408061847,-0.0006555347160260277,-0.003078276165347314,0.003754645415884546,0.06666666666666668,0.008483329271547874
2017-11-03 17:00:00,-0.01895486870520905,0.01166783345001167,0.03072789858114345,0.016709183673469286,0.008659115820241156,0.01729007633587784,-0.03290432754383775,0.009574223245109249
2017-11-03 21:00:00,0.005823744035924783,-0.03021715490822821,-0.05420711974110032,-0.0129339686861811,-0.01988482016733657,-0.01762495302517855,-0.020311149524632744,-0.016831547128331948
2017-11-04 01:00:00,0.002232267425637591,0.009583035987358523,-0.017023096663815213,-0.004453735684420968,0.0075406459206945175,0.025375651640601002,-0.008028231142479017,0.0037277467454796477
2017-11-04 05:00:00,-0.012586322120739535,0.009616677874915984,0.01062717770034842,-0.000419455437419002,-0.002225465158701253,0.0347663551401869,0.009959982214317388,-0.009906861548121577
2017-11-04 09:00:00,0.03468697123519458,-0.0011656952539551132,0.05224073914169765,0.013748402410078513,0.008391404283264663,-0.022929154329457573,0.0013173494928204953,0.010105140186915995
2017-11-04 13:00:00,0.012438861564871482,-0.0030675869427495444,-0.019118733076228668,-0.004430436740207026,-0.010709117221418159,-0.012606284658040706,0.008588204364210008,0.011610577756212472
2017-11-04 17:00:00,-0.008289039897732673,0.0016053511705686227,-0.013976064942673012,-0.013060207012409888,-0.0007679929783498375,-0.00932235117933367,-0.00026052974381242844,-0.00648564708031695
2017-11-04 21:00:00,0.002442333785617368,-0.0008682584738687291,-8.496176720471076e-05,0.0012446006296214555,0.001901140684410788,-0.011864726997921786,-0.010974710449832998,-0.010101125652054493
2017-11-05 01:00:00,0.005211153221440172,-0.0010026737967914821,-0.0038239292997960506,0.005265659853000268,-0.001712703155746765,-0.0018359150889270706,-0.0025002193174839603,0.016330162839344905
2017-11-05 04:00:00,0.015512435533172619,-0.003746821892145071,0.06396588486140725,0.0040792540792541476,0.006588579795022004,-0.0034112686853199933,0.005028006880430533,-0.008041218352630669
2017-11-05 08:00:00,-0.0031293094303596536,-0.009032907991940892,0.06504456757407857,-0.0075449796865932235,-0.014228383801532409,-0.002424475659034013,-0.005264081417792671,-0.008843771507226436
2017-11-05 12:00:00,0.005639722802303725,0.0005082850462538621,0.015013202565069772,0.0023026315789473253,0.0014402836250832528,0.001157407407407314,0.004104148278905591,-4.618724308351679e-05
2017-11-05 16:00:00,-0.027137831618483328,0.0009148820818649423,-0.02752429705467755,-0.009046561578506678,-0.0014713996689351995,0.021353824767347603,-0.01680892974392635,-0.008129330254041497
2017-11-05 20:00:00,-0.018628821079196257,-0.007889212433127867,0.031697653154525954,-0.0108276039560279,-0.010771662806514492,-0.0026876632471515122,-0.009904508105707387,0.01279934898860729
2017-11-06 00:00:00,0.0070647440240006985,0.004741923378705647,0.05099171107164003,0.0051749813849590225,-0.005289048341162136,-0.012743656449119671,0.005115319034371292,-0.008082823140950659
2017-11-06 04:00:00,0.005903106681493075,0.02124044180118946,0.03654672206182664,0.031870370370370306,0.017810664088644384,0.004210127062393349,0.01713953280229117,0.032756946691941236
2017-11-06 08:00:00,-0.010070136178806343,0.011012776151184464,-0.0103274901481179,-5.382131324004509e-05,0.018295354951796846,0.0041161587553339455,0.013528997003349294,0.05560094458931633
2017-11-06 12:00:00,-0.03310911396592598,-0.005166683121071488,-0.029239766081871395,-0.010028704700394771,-0.0016496324188633186,-0.0074842980179772875,0.019060881674572417,0.03260638297872338
2017-11-06 16:00:00,-0.008296862303448447,-0.01859141883621689,-0.019489723600283386,-0.014927806663164154,-0.020726319192499662,-0.00599302078592024,-0.03057738298599247,0.04367485356078512
2017-11-06 20:00:00,0.024384633080285302,0.00705175787839946,0.023448773448773528,0.017327324565437324,0.038020452885317635,-0.0033877659776941184,0.005330161666886956,0.0011826155513945456
2017-11-07 00:00:00,0.004421052631578947,0.00134079710387837,0.013037350246652608,-0.005050505050505071,-0.003334854495032782,-0.008837369447951264,0.008771929824561403,-0.019350393700787345
2017-11-07 04:00:00,0.0014252777195556234,0.013927017073987365,-0.01557502433597554,0.012726844213999495,0.05259464580190172,0.01337409247229644,0.010654490106544977,-0.014619352758634518
2017-11-07 08:00:00,-0.019172003851144828,-0.04317259134567792,-0.03788521345773251,0.018850360716779226,-0.05561112222444491,-0.014291101055806988,-0.01048830811554332,-0.030127616130678995
2017-11-07 12:00:00,0.008136557610241795,0.00044843049327352683,-0.01101968851013814,0.061724707453350625,0.01236355929209792,-0.012906674812891305,0.01882352941176468,0.07178616975305381
2017-11-07 16:00:00,0.002102411423572355,0.004792607661276569,0.005867934338557575,-0.0014562785463691312,0.010003497726477838,0.01474811767445481,0.017309911527118912,-0.031468187629068764
2017-11-07 20:00:00,0.03324368848650392,0.011702529256323228,0.03105864994466995,0.006331939094350779,0.02091630016968529,0.005890002294806086,-0.002941052896937056,0.009816063017703415
2017-11-08 00:00:00,-0.00019078508060677086,0.0024754153950492306,-0.01459645105895826,0.017063277003169626,-0.006446578224137462,-0.008976932691943423,0.005725592556729614,-0.0044432828018817925
2017-11-08 04:00:00,0.012716889064565836,0.009200690051753974,0.00021772262138036968,0.0076699499434846035,0.02330675245559397,-0.00194196938542388,0.024554039874081824,0.006704652988906082
2017-11-08 08:00:00,0.008330978048747613,0.00284948038887015,0.01734271823525136,-0.009358374463175487,0.021070938827385567,0.019419327763152888,0.004834084391642798,0.008499999999999943
2017-11-08 12:00:00,-0.037653497063534484,0.047200401136553584,-0.02744315346781665,0.014609286523216287,0.016121104885481227,0.16308579128612066,0.007217125382263038,0.06860995439222686
2017-11-08 16:00:00,0.0338072362757893,-0.01835477383726498,0.01985347985347978,-0.004863347896801347,0.013828589805434995,-0.022776851020146312,0.015529583046871853,0.04093350620485277
2017-11-08 20:00:00,-0.018188896048109963,0.0002600695686095513,0.0010779734099892614,0.012500801333418826,0.029744636082507037,0.018837888033961192,-0.0069092216142816795,0.0007967422096317582
2017-11-09 00:00:00,0.0054277979820075775,0.02409051009460654,0.029578577069423437,0.0047486387235658655,0.02410943641484313,0.06123246199420555,0.016088060965283698,0.017689722271360342
2017-11-09 04:00:00,-0.03445790668896771,0.0004444585542397738,-0.0329126281291402,-0.02668848744256318,-0.028659625336682582,-0.002576687116564515,-0.027987296546248555,-0.004962995211144914
2017-11-09 08:00:00,0.0073521126760563126,0.03830286874841328,0.015648662291771743,0.015294326871776598,0.025051411478781142,-0.012030399064644112,0.08196252908281962,0.030699061485834574
2017-11-09 12:00:00,0.001538009815299003,-0.008199219702511577,0.0121517907902218,0.05286624203821668,0.017094798427644078,-0.02375326451933848,-0.004488872123726887,0.02344416027280477
2017-11-09 16:00:00,-0.0051234800575170976,-0.018009711721679308,-0.009338576042690696,-0.027374470659407173,-0.02532894736842096,0.015291200406917654,-0.007350990868098964,0.01324448146605584
2017-11-09 20:00:00,0.012727323753929156,-0.003974712068102097,0.03372381966631165,0.0038000311477962897,-0.0028921297150944487,0.00528620581795446,-0.012127472359309688,-0.033946017552574884
2017-11-10 00:00:00,-0.01159649195727168,-0.011773570688518416,0.04114293564118416,-0.00594600468849449,0.0020673907677117255,-0.045252110000311534,0.004564796905222463,-0.0002564102564102661
2017-11-10 04:00:00,-0.04094419758624078,-0.010199542450432244,-0.023489047242016357,-0.020057083144875795,0.05068202112264075,-0.03304705613427817,0.024298201702029357,-0.019572649572649627
2017-11-10 08:00:00,-0.0039462145571470325,-0.027318545151038463,-0.03443377080232718,-0.030748173730364536,-0.04954085512078141,-0.0005064829821718182,-0.06738483558702782,-0.05703056768558953
2017-11-10 12:00:00,-0.03696258253851792,-0.02387232920073844,-0.01877013587337167,-0.04908529575984493,-0.05026129726406401,-0.08267117497886729,-0.06297786720321934,-0.058654558932542615
2017-11-10 16:00:00,-0.003184956035415575,0.0005743049221310629,0.01997725010664004,0.012192384077368031,0.059515347334410384,0.028971618134906063,0.009240641711229932,0.02579132473622509
2017-11-10 20:00:00,0.02880061115355233,0.010772659732540857,0.06413466889259882,0.01402522154055897,0.02112141012004251,0.032024645364665365,0.028697384595820483,0.03744640304907092
2017-11-11 00:00:00,-0.02086551027682072,0.002403685651331944,0.10321610668061176,0.019508342715037076,0.0008631209262179339,0.02012582988633601,0.0052330133091598756,0.003857457751653212
2017-11-11 04:00:00,-0.02419195825939239,-0.008116829114134584,-0.028116269393092728,-0.027926341599881558,-0.02427457838110198,-0.034835367100688595,-0.018361059765865675,-0.039425539699963305
2017-11-11 08:00:00,-0.019971713215523542,0.011647031181821131,0.13756193039329614,0.02285424073133573,0.01042775058523092,-0.022846230018390184,-0.0005432738518115904,0.06561279878106847
2017-11-11 12:00:00,0.0024422348034319023,0.05265604249668,-0.010861382944402526,0.03875250376599515,0.028324863938419032,0.03065508505247924,0.05138604340009207,0.06684539767649678
2017-11-11 16:00:00,-0.0051064771631385356,-0.012203582240161466,0.03741921468527671,-0.016972111553784825,0.005847953216374128,-0.00028060329708883453,-7.929585282693772e-05,-0.00436351430729207
2017-11-11 20:00:00,-0.038722383697844726,-0.020782786361895005,0.04979383057570858,-0.0251821221470222,-0.00408890446566774,-0.053680443477650615,-0.02950298210735582,-0.022171640532793874
2017-11-12 00:00:00,0.010159651669085692,-0.003423987477988689,-0.10040481783197562,-0.016861648437112145,0.007800586510264003,0.002076227198576205,-0.007620452310717853,0.029051724137931074
2017-11-12 04:00:00,0.03276788192460297,-0.01735769961354541,-0.0946666666666667,-0.011396347108829216,0.0041309090909091364,0.006401480111008394,-0.027515755653499226,-0.014637002341920375
2017-11-12 08:00:00,-0.021579321792743657,0.01483571191503475,-0.03178499110265697,0.01043970172280795,0.2127752027809965,0.005344636933284172,0.052901313002964884,0.10026318023601312
2017-11-12 12:00:00,-0.02197411578420125,0.01668302257114826,0.005491037616763428,-0.000390267078426649,-0.030426787036373512,-0.014299332697807456,0.0034254856129605172,-0.04523350057892716
2017-11-12 16:00:00,-0.03906585954814591,-0.02216931046687488,-0.0896111215479992,-0.011620805482984343,0.19836426082874165,-0.0019333729922664925,0.1328514056224899,-0.006146380913869835
2017-11-12 20:00:00,0.02638599631663199,0.02695933030123264,0.03722050223598214,0.011721838369255009,-0.09488855440318353,0.022863120143454808,-0.07902013613159375,0.050100200400801605
2017-11-13 00:00:00,0.04196226415094337,-0.00016033863519739134,-0.025071300656629308,0.0015935984809955107,0.018316019682886868,0.03445258667833316,0.012759232133220269,-0.04198473282442748
2017-11-13 04:00:00,0.0355101054835333,0.004141119065198615,0.027348799238043474,0.033513879485443536,-0.07105995332974335,-0.00986610288935862,0.020650549787364414,-0.02016418267314897
2017-11-13 08:00:00,0.02328147584041779,-0.005977496483825432,0.023080484094967275,-0.007275045775568929,-0.03118206849910625,0.010817137182579078,-0.012162162162161984,-0.0004880032533550409
2017-11-13 12:00:00,-0.03693690957139817,-0.0017687162335990306,-0.019753405203021056,-0.01854352623431384,0.07071009609384761,-0.0380154864931152,-0.006148007590132845,-0.005858898201643737
2017-11-13 16:00:00,0.02191681393587472,0.009085051546391916,0.04701531959852085,0.02362733252785611,-0.012631233595800623,0.03418272218769417,0.008046678361680866,0.0034525277435264075
2017-11-13 20:00:00,0.0185745607263069,0.011202961922696342,0.0757728706624605,-0.004172073389070445,-0.03373053551082411,0.001982862403512407,0.013959680486877202,-0.047599541209241376
2017-11-14 00:00:00,-0.005563303419839895,0.02955835962145112,0.015247478301665585,0.0052404337365280955,0.008333946123489417,-0.0003887750053014502,-0.016654894233986462,0.0500645161290322
2017-11-14 04:00:00,-0.022149052605905425,-0.0199160462052272,-0.036353144835545234,-0.015409583449451612,-0.002601064734910161,-0.004630775212980318,0.004537719795802565,-0.007302264522481134
2017-11-14 08:00:00,0.006391370091505714,0.022707368947829317,0.003173652694610828,0.01442811735534435,0.02339181286549713,0.03075170842824604,0.000788229111928457,0.00826514587982478
2017-11-14 12:00:00,0.02126703841387859,0.007890632168088767,0.00984486873508348,0.028888269164520343,0.016719460785481182,0.02510344827586212,0.008693371304380384,0.0065015225084354535
2017-11-14 16:00:00,-0.0005005080915475076,0.014352905477165712,0.028421177026707725,-0.01281949199777052,-0.010354197901049512,-0.0017906615311844476,0.0002228495023027866,-0.011437908496732072
2017-11-14 20:00:00,0.036950484832850274,-0.004756349277573459,-0.0043091065785695395,0.00443619938699788,0.011800947867298621,0.004966383999459389,0.007649461567025629,0.005032172908760926
2017-11-15 00:00:00,0.002663388649866937,0.006521608463064302,0.005878962536023072,0.00798239696765282,0.007917174177831901,-0.005458259384522662,0.009231564565562572,0.009769312864296838
2017-11-15 04:00:00,0.02149862805767985,-0.005883582713615778,-0.019142595139844086,0.014370015948963257,-0.005345108064141323,0.007495798319327697,0.00984230361128388,0.0
2017-11-15 08:00:00,0.03287659489348332,-0.020765717033297174,-0.02413228935374549,-0.012751371833776198,-0.03289642765355946,-0.05554999499549592,0.010869565217391304,-0.0419512195121951
2017-11-15 12:00:00,-0.004578779914234384,0.006475968326069651,0.013131858247886385,0.005431666135712028,0.0028265648781195273,0.01828321332768603,0.00010752688172033233,0.006449422946367879
2017-11-15 16:00:00,0.009733594596848184,0.008111487207635678,0.018216341304218748,-0.0028003227490625976,0.01469138474115755,0.01876016752621929,0.02868164446190653,0.012463157894736877
2017-11-15 20:00:00,-0.0015281888896537985,-0.0074042733234609345,-0.019580419580419492,0.006949182122514957,0.004278176546085495,0.005617021276595716,0.041580041580041575,0.024074381537439862
2017-11-16 00:00:00,0.018945452539848955,-0.009752529562355202,-0.004637336504161677,-0.00039422849483558434,-0.00797218016654051,-0.010476512335248352,-0.010042706526091176,-0.004385608706245367
2017-11-16 04:00:00,0.003193547950581248,0.001631120549041248,-0.0058535419902044274,-0.009212373605918684,-0.014656386508485872,-0.004167805411314563,-0.028605121293800568,0.001549502528135685
2017-11-16 08:00:00,0.006977528848100387,0.014683295447563962,0.00877140282367082,0.01718782356595569,0.014791105938265237,-0.011710164835164872,0.039668791574279334,-0.009526911489292416
2017-11-16 12:00:00,0.039846671402340036,0.001755873092758489,-0.008983282765185304,-0.003766714796911325,0.0009079830828414984,0.0033019359771992236,0.006076302420559764,-0.00632391590013149
2017-11-16 16:00:00,0.012904056664520259,0.001179067025425653,0.00851676362982085,0.1143970221759566,0.003103365958462668,0.0007274994803575418,-0.029062479382463563,-0.006446280991735546
2017-11-16 20:00:00,0.00854168520330988,0.002538454564685186,0.004698186143324238,-0.0401561549668312,-0.010871371264449764,-0.0024698229380457613,-0.01094010124689964,0.0092315369261477
2017-11-17 00:00:00,-0.05351178998575869,-0.02019685157872569,-0.025243866390777397,-0.03880473739325379,-0.010070493454179229,-0.004556607080266476,-0.03104289001064512,-0.0181366459627329
2017-11-17 04:00:00,0.040516242458145175,0.011536219433620688,0.031208419015362393,0.04156756839698621,0.008621315961543124,0.009475855799153844,0.027145793465163968,0.02916631543454445
2017-11-17 08:00:00,0.01812317616341581,0.009888076678091513,0.029970674486803475,-0.006625350450051617,0.006498956809515765,0.01489435400069275,0.005382279878553693,0.013095432967752448
2017-11-17 12:00:00,-0.016695792107215168,-0.0027027838673835073,-0.021126359546722772,0.019162210338681027,0.004719792138447279,0.22913039024889886,0.0005454421490421527,0.004118549624485223
2017-11-17 16:00:00,-0.017660835178336044,-0.0031921941817743852,-0.005700988947062393,-0.021499263923506262,0.005838515213366964,0.1252257007139086,-0.008313458262350928,0.014798134148303069
2017-11-17 20:00:00,-0.012796288815626682,-0.007943459482315974,0.0014042478497453253,-0.01839631775728777,0.024618356577459453,-0.06043399906189055,-0.010144927536231876,-0.023162055335968438
2017-11-18 00:00:00,0.01543071358800386,0.008931565310166154,0.01221151037101976,0.026606730652411544,0.05255293225131615,0.0315976858032933,0.02166178317287561,0.03188734218193588
2017-11-18 04:00:00,0.012791513922470896,0.0070149975810352965,0.00277809931705069,0.0006958633146782303,-0.01203608641516863,0.11021396851029476,-0.0037202634902216173,-0.012313725490196024
2017-11-18 08:00:00,-0.01432422025413944,0.006755539542424788,0.019246283277630498,-0.0013760042611745385,-0.01715534752274141,0.0932779970063954,0.00017131501404787008,0.021827129137233232
2017-11-18 12:00:00,0.0060256643848096226,0.0043556085918855505,-0.005088195386702842,0.0052747773777243575,0.02112027321544933,-0.0585734138095534,0.029742324561403532,0.020138402923567174
2017-11-18 16:00:00,0.005588615782664918,0.029946524064171073,0.0007377560864878088,0.02581073113207533,0.00015420879871344296,-0.054582314184350215,-0.009703575701183091,-0.005171495931249577
2017-11-18 20:00:00,0.0016337977435580534,0.0016431721871486445,0.002270147559591325,-0.012789193849691054,-0.005819079527420178,0.010067583313912892,-0.010067114093959731,0.01724798773476428
2017-11-19 00:00:00,-0.00835089161827432,0.043254288016576416,0.005492327727761607,0.002767218653966557,-0.006815516363877854,-0.039006928406466516,0.009525423728813568,-0.02034664657121318
2017-11-19 04:00:00,0.005677031353285055,-0.009931034482758684,0.014134474602995903,0.027566484728835224,-0.0080655942248563,0.016314271984622826,-0.002713204260735587,0.006999999999999974
2017-11-19 08:00:00,-0.0005284458536334342,-0.005374098515857786,-0.008483504297199816,-0.002641728000904288,-0.008003777063333262,-0.05667068586424566,0.008159016888829222,0.011382734912146529
2017-11-19 12:00:00,0.03854287556415211,-0.01808966424911102,0.0013979757311414266,-0.0014164305949007695,-0.02542891462502556,-0.05513784461152872,-0.014615026904935815,-0.029549576783554993
2017-11-19 16:00:00,-0.0001738266699776057,0.012156146558612005,0.0031270940361847986,0.017463717743193895,0.028580730680681888,0.0638213215204647,0.011862236301138982,0.009259979768111416
2017-11-19 20:00:00,-0.011229255689158259,0.0213977615516902,0.02065011688745401,0.002900167317345209,0.0,0.05966050923614579,-0.008055389121896064,0.021762617687914747
2017-11-20 00:00:00,0.008744927062785105,-0.01587082528291471,-0.0033839100534874805,-0.010762829403606051,0.009518426407415737,-0.03427642582864139,0.0033220361732828065,-0.00037852979029458217
2017-11-20 04:00:00,0.004961439780794612,0.009872388164352774,0.023009916178162396,0.0030549327354260584,0.004615108880724085,-0.002521481554015874,0.01496493641579719,0.016176581752211164
2017-11-20 08:00:00,0.017239028863909624,0.007415430761539788,0.001071294659596099,0.004143183974108546,-0.010648940663835886,0.011362799715316488,-0.007636363636363643,-0.00037045269319116366
2017-11-20 12:00:00,-0.0007549743065196568,0.008050286722540689,-0.0027274185785337145,0.003724601828946281,0.001816387854868373,-0.05576811313444395,0.007092907092907078,0.04063289258653988
2017-11-20 16:00:00,0.004811498873256593,0.006263162213166372,-0.008147076164442355,0.0016476973775303894,0.06496441838607164,-0.08079901533411961,0.0042294475284166974,-0.025487256371814045
2017-11-20 20:00:00,-0.04229654863072648,-0.0365296803652968,-0.05533639556876506,-0.053027999668315916,-0.043816328675002666,-0.06301782575947779,-0.04480263157894738,-0.033897064206750094
2017-11-21 00:00:00,0.031886075949367036,0.02312252964426877,0.029858444610006144,0.031800469928926926,0.029449143257811467,0.06834425253126866,-0.0047523934155244705,0.0412543766174457
2017-11-21 04:00:00,0.006268477287503572,0.018571152625624383,0.005338078291814753,0.005184934022774214,0.021321961620469083,-0.0009482902883917812,0.021322256836275616,-0.00036549707602347484
2017-11-21 08:00:00,0.018667219047387044,0.0024111400086692307,0.016815089330161983,0.009922698524244395,0.051773449406066714,-0.02044755244755249,0.022033898305084745,0.02369113775957889
2017-11-21 12:00:00,-0.028122009569378038,-0.016916632887447616,-0.025231607629427843,-0.022049719683374287,-0.014706757963679715,-0.009900990099009736,-0.0261929202953741,-0.0004295225141384657
2017-11-21 16:00:00,-0.0035077354798212904,-0.009605857095673263,-0.015591818486643563,-0.0017685483640928978,-0.006667472403513017,-0.009885011095420514,-0.017641471027276392,0.016482728966604642
2017-11-21 20:00:00,0.007880240112645459,0.009893560848178313,0.01686158737368006,0.004315210402229146,0.0319996755419464,0.008467671535820195,0.019889502762430903,0.045329573493126586
2017-11-22 00:00:00,0.009240196078431328,0.01061781372063585,0.0073188446281915315,0.0025140974106215995,0.04251473477406677,0.045821325648414866,0.0006770709908933567,-0.02049898853674997
2017-11-22 04:00:00,0.0038868442468631952,-0.0032123703481882963,-0.007598447032723264,0.0103428733352225,0.07654953038830031,0.013073698146513588,0.046306318495467465,0.07408427430459921
2017-11-22 08:00:00,-0.004694494857834153,-0.0031407892940051273,-0.004919499105545671,-0.004458402265653447,-0.03232573996048883,-0.006903674711894022,0.01099647465959435,-0.01918019116043352
2017-11-22 12:00:00,-0.005275761885659366,0.0075392038600723766,-0.00011235955056193509,-0.002901122424549735,0.02861165767099305,0.0024904896138373,-0.003447065206983448,0.04120340091563102
2017-11-22 16:00:00,0.005780417461015811,0.03531972789115651,0.007742804241710044,0.013191904069151529,0.007662565905096685,-0.021751574127074843,0.01681635772979162,0.04031446540880501
2017-11-22 20:00:00,-0.002806770270106118,-0.0058309037900875355,-0.0041699099299454725,-0.004981354705849473,-0.016569285776576258,-0.0031502648452745897,-0.03085259662970609,-0.02744363174756707
2017-11-23 00:00:00,-0.00834653344705739,0.003412698412698467,-0.010383520348350356,-0.00984455958549227,-0.015588298099508844,-0.010289623461463102,-0.010961569644884045,-0.027312228429546902
2017-11-23 04:00:00,-0.00023346972880654515,0.05170050092275248,0.027884398284037014,0.04494540928890645,0.015857230680215703,-0.008404077113085925,0.015882933245642827,0.017038927887683575
2017-11-23 08:00:00,0.003502433269429288,0.03193462676091645,0.00684931506849315,0.021350673982253036,0.009184599775725036,-0.002522357257509773,0.021331609566903758,0.01843404361682177
2017-11-23 12:00:00,-0.0036494562555109463,0.017443696703189928,0.011270826527278708,-0.005823053455365528,0.00935239103582134,-0.0008321616115238992,0.010257550255644886,0.006994294128474055
2017-11-23 16:00:00,-0.019151115755824642,-0.03254459062582077,-0.0346739891239973,-0.03477066300332101,-0.0259408813606727,-0.0070930132383769315,-0.03557411535684004,-0.04314705344627955
2017-11-23 20:00:00,0.01156538879008052,0.010341082975467687,0.014450705797020609,0.01285062871355524,0.013528060858332072,-0.0056972641564001026,-0.0024092462965975983,0.009426751592356623
2017-11-24 00:00:00,0.025542515088797776,-0.003150337012796768,-0.0196369636963696,0.003447899915506012,-0.018425817445947373,-0.013654571503757163,-0.0019260903630189837,-0.005368873168266766
2017-11-24 04:00:00,-0.004640483383685757,0.020578147966683082,0.011500056097834528,-0.007426717173774472,-0.0015347115645030652,0.032937764493504385,0.005002125085820684,-0.008239320572949748
2017-11-24 08:00:00,-0.007454532209892497,0.09454885864477564,0.024346958016748937,0.032004376666894666,0.0067751409986125215,0.001406469760900126,0.03571893298633708,0.012417589451449771
2017-11-24 12:00:00,0.005394363440649704,0.00940789473684215,0.07200866269626431,0.0024515650261058845,0.0056727689196687135,0.013467723409143154,-0.0064745261966873136,0.003596441415862156
2017-11-24 16:00:00,-0.0030789825970549078,0.020878142040887167,0.05632381144645199,0.029285053521871208,-0.0016370689348376682,-0.010341994163148556,0.11484238872168542,-0.0044016852166257215
2017-11-24 20:00:00,-0.0005983271261981362,-0.02347307937859113,-0.02326917552427466,0.004707516592066672,0.024039657439323358,0.06885978737427283,-0.03381546418118278,0.011745390250063052
2017-11-25 00:00:00,0.01613987073441903,0.01575266357278245,0.020980392156862787,0.007570526100411942,0.0366344885061461,0.04439678284182322,0.019159002086332998,0.030638404301882107
2017-11-25 04:00:00,0.018516291932187085,0.0015014370897859135,0.027030919915498317,0.032779398706076414,-0.007670663897635227,-0.021310039167181976,0.003728323699422025,-0.00176302510790942
2017-11-25 08:00:00,0.0185220162908747,0.0142756244248014,0.04071699349464115,0.03579776110222655,0.0755949367088607,0.039079610523260463,0.03743762798880915,0.029232643118148667
2017-11-25 12:00:00,0.0037552591012876405,-0.01004728132387705,-0.0018009905447996016,0.008772450469486406,-0.013260518180248959,-0.015363908781553071,-0.023533015846492297,-0.006035145849357919
2017-11-25 16:00:00,0.0104235204488,-0.010660980810234541,-0.03704873646209393,0.0407262714457179,0.01199574190883247,-0.015933584282988758,-0.01961958536515811,-0.000892963448029392
2017-11-25 20:00:00,0.011024035825260464,-0.016896551724137874,-0.007217509490556306,-0.023424238995134176,0.003406967798659308,-0.005182573924024064,0.007010093370953104,-0.025680656283438314
2017-11-26 00:00:00,0.011887005649717595,0.00199500153461662,-0.0003776791615522198,-0.01726535341830817,-0.029516086188846682,0.0013478157456592915,-0.011756210283073349,-0.023719512195121868
2017-11-26 04:00:00,0.0022444558590348127,0.00886641271509263,0.02858087679516253,0.029019728220446187,0.007219867528323504,-0.004856162575877474,-0.0046419291740868686,0.011028037383177636
2017-11-26 08:00:00,0.016673539672101955,-0.0081376676359533,-0.01576794005424539,-0.01497632292768162,0.00014400230403691552,0.0243055555555556,-0.010646410136086332,-0.008874098724348294
2017-11-26 12:00:00,0.01896534713162828,0.0018593459477196169,0.004997898080246594,-0.009715418707721,-0.013099179501943371,-0.010926414996633969,0.006591840370568405,0.016288467516319582
2017-11-26 16:00:00,0.0010973759803764138,0.025327510917030616,0.01338725421837943,0.005929690808979304,-0.001552142279709032,-0.0008376744064292447,-0.00498525073746312,-0.002879901960784307
2017-11-26 20:00:00,0.030623428534588357,0.0041955956893980715,-0.006284115407549971,0.05189242328488165,0.008549222797927417,0.040484238660482716,0.009269162210338694,0.009856465225158591
2017-11-27 00:00:00,0.011197297635430963,0.031532964353118316,0.022618168389955614,0.021252920885723784,0.013678397123041329,0.0317619861292593,0.011677844452288585,0.010430009149130882
2017-11-27 04:00:00,-0.008640155069131477,-0.026190818822852232,-0.02424843376752153,-0.020427061771434798,-0.027199367088607682,-0.045190036765600905,-0.02029128753742846,-0.018610271903323337
2017-11-27 08:00:00,0.003609432372551557,0.003187738816525557,0.15478775001154782,0.014187235935067781,0.01962825036996089,0.006630961489415914,0.0024031329733578658,0.013598326359832508
2017-11-27 12:00:00,-0.012888575516891094,-0.011566771819137749,0.014399999999999975,-0.0311615973333918,-0.01042729591836747,0.00015201418799088492,0.007370134675151553,-0.0008498755539366622
2017-11-27 16:00:00,0.021397283584911685,0.006382978723404255,-0.024392172366080288,0.026789451653411414,0.004995970991136217,0.015781740804539406,0.012731923902496521,0.04453441295546561
2017-11-27 20:00:00,-0.0034866140760472326,0.0009303309017866533,0.14394278050961115,0.0022136807674092603,0.002903991785393497,-0.024838524651487448,0.007898940031944156,0.024702071040147988
2017-11-28 00:00:00,0.018268139126844874,0.00014785400473131378,0.0031671470766165685,0.00974735986109738,-0.0048,0.0037848758407282345,-0.005463695183321286,0.04207850889579208
2017-11-28 04:00:00,0.006476788972227815,-0.012460138117463151,0.09340191557289816,0.003510945890127973,-0.01963835897765015,-0.015821252961707857,0.02547586724820194,-0.0058454210868152424
2017-11-28 08:00:00,-0.005700014098974657,-0.0020092339261285857,0.04143144507170195,-0.010030111999306795,-0.004755601313918662,-0.014077217679329184,0.0025627305753471662,-0.004565961841604628
2017-11-28 12:00:00,0.006003725752237402,-0.004282471842747634,-0.008598398704009354,0.026151657730605102,0.004331419196062324,-2.6246030287857785e-05,0.005224719101123635,0.05576167612396333
2017-11-28 16:00:00,-0.00398598864597159,0.001096656273518957,-0.011086264999527584,0.002367217240165857,-0.007431361980825378,-0.004410838059231235,0.012965964343598016,0.01819403525094335
2017-11-28 20:00:00,0.038807478524507326,0.01378925211564074,-0.06255175488884639,0.028604849000425325,0.020377668308702742,-0.006334125098970757,-0.03804407713498623,-0.0052791878172588425
2017-11-29 00:00:00,0.0250859032979862,-0.007669491525423739,-0.00985087808689151,0.00048588855577377284,0.0022207202857970378,-0.001328021248339898,-0.003312771304546564,-0.03403582180946057
2017-11-29 04:00:00,0.02554605887939221,0.018425603689390856,0.018974746088388717,0.023930188933453528,0.10537893384714192,-0.012367021276595835,0.015946310264720227,0.026096143687268872
2017-11-29 08:00:00,-0.0002771106595233697,0.011159317508656222,-0.02789677854612914,0.0016620217887002935,0.04717585714701853,-0.00542398367434612,-0.011857707509881393,-0.015302967848309968
2017-11-29 12:00:00,-0.12215856588430972,-0.1356725870000206,-0.1745029320934106,-0.17668016194331987,-0.11261944170132275,-0.2270878780533785,-0.14905735604032572,-0.153914777497901
2017-11-29 16:00:00,0.03004608683730393,0.01185932060977073,0.02345263157894731,0.028719310539839418,0.03684309544713408,0.11038596491228073,0.017861930294906306,0.027526881720430045
2017-11-29 20:00:00,0.06570553843318358,0.07030729711730567,0.09402623031698387,0.06937507468036799,0.05444566741552706,0.08639322505213934,0.05974231390252741,0.06668255765449019
2017-11-30 00:00:00,-0.032375960799385005,-0.0352007822396054,-0.05590225563909781,-0.04119229742951168,0.05372208081905788,-0.04485818181818186,-0.05906421789105455,-0.02194374825953772
2017-11-30 04:00:00,-0.04319467884443565,-0.027041345157203626,-0.04587448231920984,-0.04685869338342722,0.03068939352880615,-0.02622031159486568,-0.0009602649006623193,-0.014643874643874606
2017-11-30 08:00:00,-0.05280195893296254,-0.05424170616113741,-0.06545728139107168,-0.06705752131658,-0.07714057570719825,-0.06944574844302563,-0.09469044146891173,-0.0897739753742991
2017-11-30 12:00:00,0.07361156753204075,0.08147925435959105,0.17778175633336324,0.09028586380584804,0.06154609929078012,0.06559747158899874,0.09288617142020283,0.06896551724137939
2017-11-30 16:00:00,0.010825536430327864,0.0008803836619326633,-0.013566406992209876,0.029170366459478413,0.0111390105780531,0.032025999432051144,0.009614740368509228,0.036549967418991684
2017-11-30 20:00:00,-0.02533562127788433,-0.0166786185199751,-0.044840813195243585,-0.021297914482115845,0.01585391653884806,0.05518527577351106,-0.02924229808492913,-0.03899306152875729
2017-12-01 00:00:00,-0.012660194979434842,-0.01442149343622076,-0.01321072920012852,-0.020472609840675948,-0.028587071291697564,-0.02156607323780589,-0.0011666209168267052,0.006245167429964976
2017-12-01 04:00:00,0.04534250742073182,0.03451156352180238,0.06116718215855446,0.04629179035476187,-0.00226029504206296,0.008883773094858684,0.03882035334723034,0.039532688222799255
2017-12-01 08:00:00,0.0558052735080468,0.035622000738279806,0.0933102652825836,0.07223830618438026,0.014705093114366878,0.02464675892206836,0.04187411388440103,0.05701157249829824
2017-12-01 12:00:00,0.0006652095410054168,0.013255212974514322,0.011497081780465443,0.04826449507162136,0.031466497435083764,5.6861797401283326e-05,0.010237717908082469,-0.014228951890034394
2017-12-01 16:00:00,0.03221820946588101,0.012817694134201129,0.030822510822510838,0.011904023166821764,0.0026748233848674515,0.01939310974218571,0.04426496368645125,0.029531956628344076
2017-12-01 20:00:00,0.002578268876611418,-0.0014326958560358285,0.01241902460309472,0.015210369219446369,-0.0268109484404837,-0.010758110606824686,0.002680722891566224,-0.0005835543766578973
2017-12-02 00:00:00,0.004316678912564291,0.006586240626018852,-0.006371963361210678,0.029944822586491636,0.0057172761169621295,0.028773718493344612,0.0018624770945357464,0.0005318866017766222
2017-12-02 04:00:00,0.0022849830911251252,-0.006479481641468682,-0.02211088844355386,-0.03489736070381225,-0.00790831539917549,-0.03349862258953152,-0.010524422056310129,0.0037741866893472673
2017-12-02 08:00:00,-0.023069207622868602,-0.021282608695652214,-0.03699666144307415,-0.014747290590499371,-0.008480999425016999,-0.01664481559596409,-0.04196969696969704,-0.02187152465180333
2017-12-02 12:00:00,0.017733806234832932,0.01764549207617523,0.02456202442045665,0.026245043003553608,0.0011470157813550667,0.01959363496710246,0.017490590505107925,0.02467462039045544
2017-12-02 16:00:00,-0.0021095111437219112,-0.006456256679826458,-0.002728937096272777,-0.008537233775744616,0.006676675094816604,-0.005540874605745469,0.010461290122307086,0.06171858444585721
2017-12-02 20:00:00,0.005514199062586159,-0.0023929747530186053,-0.0006927606511949973,-0.0007493291478912265,-0.00579516764124897,0.023487056403223117,-0.009627767216532737,-0.02190144350423099
2017-12-03 00:00:00,0.01891965999451604,0.024933430162188297,0.01906478560782005,0.004154422940520789,0.016078947368421092,0.0002786291446084706,0.017469413040111462,0.008040712468193448
2017-12-03 04:00:00,0.04403982419947977,0.028017519000386477,0.01908228171026225,0.040060544904137234,0.03317799352750808,0.0384187082405344,0.028590608122539912,0.03393253888103413
2017-12-03 08:00:00,0.009622819829882293,-0.003237124597970033,0.019780513025784714,0.0033954210322080765,-0.013227115586953327,-0.0008574490889604389,-0.0014832393948383267,-0.011526814496434569
2017-12-03 12:00:00,-0.0010078297872340896,0.0030169704588309193,-0.00991102970037946,0.006865873706604854,0.004833929093892654,0.04401063344163698,-0.010754604872251943,0.01591066310900286
2017-12-03 16:00:00,-0.049152397989607285,-0.04016961898395725,-0.04516320866922165,-0.04114258281325022,-0.038026279146307455,-0.0581748071979434,-0.041443930566400417,-0.04808159300631377
2017-12-03 20:00:00,0.016037989427470655,0.0049204241144324996,0.002249057126051046,-0.003170380445653409,0.006924203057200511,0.01100972571303679,0.018509774294078747,0.01234693877551014
2017-12-04 00:00:00,0.017724867724867727,0.016682193383452105,0.02151132630122773,0.009999699106345846,0.0016797900262466837,0.0363396723780832,0.005068768351104889,0.007610887096774147
2017-12-04 04:00:00,-0.03223290876007279,-0.031197391693481336,-0.04127027118529295,-0.040820176745109626,-0.029202531148056394,-0.00441558441558446,-0.02561264336008376,-0.034581409355551165
2017-12-04 08:00:00,0.016314091072068843,0.010764523301120573,0.0046154388190113894,0.013354313753908014,0.015330841171945659,0.11286198799895646,0.0051338582677165215,0.01818181818181818
2017-12-04 12:00:00,-0.016837094499294783,-0.011348537323836241,-0.003113412159798455,0.0025551138047688643,-0.005768591745863005,-0.05318056657488207,0.0038844683917046304,0.00962424490631717
2017-12-04 16:00:00,0.03989957858872052,0.02447729626120869,0.028962556306306318,0.05430560794348219,0.026878477109725792,0.0320987654320987,0.022998907785926056,0.05973025048169558
2017-12-04 20:00:00,-0.0027590963959303327,-0.006064516129032243,-0.024416934546200742,-0.014213885128601809,-0.0211749347258486,-0.021531100478468863,-0.02549973979857361,0.004832767118043882
2017-12-05 00:00:00,0.02074150894477573,0.008387738337152485,0.015002804262478997,0.008921568627450947,0.023460214996398988,0.000245573536995779,0.008165829145728715,0.047668936616029285
2017-12-05 04:00:00,-0.012361358056049446,-0.01572725127126823,-0.011983285561349631,-0.016825520326784575,-0.01564170077426419,0.002455494168201385,-0.010716510903426785,0.0006359300476946916
2017-12-05 08:00:00,0.009943425338590776,-0.005297118193312129,-0.010647613043325926,-0.0011876484560570518,-0.012818136073518829,-0.01067894582149505,0.004250094446543329,0.0632796552506238
2017-12-05 12:00:00,-0.008061778682959946,-0.005806691938558576,0.011560283687943282,-0.0045558086560363855,0.011763916834339343,-0.02408740998261748,-0.007092421151733848,-0.007452199463441637
2017-12-05 16:00:00,-0.008298400205321242,-0.004077404566693164,-0.02086547902931684,-0.010178091732166055,-0.030639077773055738,-0.022876482263728456,0.014865078112671546,0.06254570482212755
2017-12-05 20:00:00,0.054438788715382616,-0.012242996872712715,-0.033420309539979216,0.007759729816661363,0.003836194495060993,-0.029949476535236358,0.014564919706211897,0.03955990615645984
2017-12-06 00:00:00,0.012845688103420062,-0.0035700653389317467,-0.0157104835132338,0.013363917422958048,-0.022245200614974384,-0.011238961734011095,0.012914902754770169,0.017120622568093297
2017-12-06 04:00:00,0.014783100411988043,-0.010477692654348884,-0.003605362977428929,-0.03070261759496166,0.00034855350296270483,-0.022932799046948456,-0.01877649909145969,0.08278500382555487
2017-12-06 08:00:00,-0.01822958127686674,-0.04715413850390302,-0.0032488383514033673,-0.006134098490302081,-0.050942031002142896,0.002382469457295579,-0.024540824201265597,-0.039006465745680535
2017-12-06 12:00:00,0.05481229222411416,0.017556448526597858,0.00947472144318957,-0.02685138898807404,0.026491029108145086,0.015382066222970982,0.019777699926749197,-0.03566176470588231
2017-12-06 16:00:00,0.03897002305918524,-0.027480018805829804,-0.06618613207193008,0.0127176000251834,-0.05940509915014173,-0.0538327620912899,-0.015582550042157224,-0.04513915364086925
2017-12-06 20:00:00,0.006661732050333087,0.02056996446786408,0.01243460764587515,-0.010109808069182285,0.009813189286518064,0.040455412356238764,-0.022446582214179285,-0.0081718887028622
2017-12-07 00:00:00,0.03691447900580925,-0.010160579792525272,-0.007255282876739476,-0.009417754405078685,-0.011456336646904168,-0.01988005330964019,-0.004223110158204241,0.08654232655358148
2017-12-07 04:00:00,-0.030272952853598014,-0.04414968755237388,-0.040942680247653226,-0.05117385786802029,-0.051590455765683316,-0.048430620650475736,-0.06403380464813907,-0.0980138328956615
2017-12-07 08:00:00,0.12224009358093288,0.006283010838819472,0.008246907409721371,-0.004413682415488022,0.0052025680761566846,-0.0011638664239458495,0.02433906840117512,0.0034334763948497987
2017-12-07 12:00:00,-0.004105036815012706,0.047960199004975064,0.031968197440887754,0.04330691029602753,0.004674956713363808,0.00732305117168811,0.02898947080541508,0.001585301410511828
2017-12-07 16:00:00,0.0866976378983184,-0.014859475883023146,-0.061003581344815025,0.004088904152223143,0.033701527614571083,-0.008902077151335437,-0.02881863560732122,0.03902992023968576
2017-12-07 20:00:00,-0.022821701692057567,0.0,0.027088423128027152,-0.0011443605484374596,0.0023492679377975514,-0.009610490703871292,0.0547635366689512,-0.029022204908453406
2017-12-08 00:00:00,-0.02563312588576006,-0.01397590361445786,0.0015023160706087641,-0.007080119965724094,-0.008074759571765608,-0.007337113058242044,-0.041025808133472286,-0.0005619330496908821
2017-12-08 04:00:00,-0.07519129829886803,0.0589457220362179,0.00525196948855826,0.03749730312837108,0.07983180428134562,0.06562433199987787,0.0602127153488055,-0.010080321285140527
2017-12-08 08:00:00,0.038774533269506944,0.009946459891073577,0.07009539610120287,0.16615163716952264,0.025684204567967592,-0.0008596727512393943,-0.02535175154642469,0.04512007762593999
2017-12-08 12:00:00,-0.008223684210526315,0.012775390803546885,0.0118308990712551,0.11028887303851644,-0.01326252610325137,0.04199422543666565,0.05678584279218873,0.001196541608769501
2017-12-08 16:00:00,0.05115445859872612,-0.0015354392936979405,0.056883947608894286,-0.029928588622321988,-0.01988787666433084,-0.02152555469698626,-0.0197484315604042,0.008600740512187668
2017-12-08 20:00:00,-0.021620938171703127,0.03304009588638372,0.0031754050445638297,0.14028122415219196,0.043343564441639684,0.005612590252707527,0.04787888345686802,0.022890553347600158
2017-12-09 00:00:00,-0.013377278014734394,0.03342520890755574,0.02594509127497489,0.06687459200696308,-0.002307692307692239,0.002808988764044984,0.0045131784811650024,-0.013388182498130084
2017-12-09 04:00:00,-0.03477634422686489,-0.023390203632361058,-0.02378283712784596,-0.034489782062597486,0.01107721063192318,0.007930967075316429,-0.02120717781402931,-0.011185682326622095
2017-12-09 08:00:00,-0.02232173146075039,0.029910917484882005,-0.0003584229390680291,0.033478688985792586,-0.01051647264497417,0.031169478846313686,-0.007057010785824408,-0.003794848206071792
2017-12-09 12:00:00,-0.025331390103407597,-0.035082181114127614,-0.04541378197080024,-0.04498434735266085,-0.03689819818587268,-0.051904787491268665,-0.016266219656050192,-0.03678762458152154
2017-12-09 16:00:00,0.04621848739495799,0.005278080697928061,0.042356927710843366,0.06125356125356121,-0.0027092582873515484,-0.001702803950505028,-0.02474793767186063,0.02274274274274277
2017-12-09 20:00:00,-0.12953615279672578,-0.0947452920246464,-0.14257784214337446,-0.16750587445451487,-0.10481558249808348,-0.09561673506611948,-0.08147234484549458,-0.1537704659949623
2017-12-10 00:00:00,0.052219525561731775,0.029976019184652283,0.0378491913463558,0.08649822980366913,0.04387687240713183,0.045993599799209535,0.0244239631336405,0.06306976744186048
2017-12-10 04:00:00,0.015254111168985788,0.005820721769499418,0.033634192738899886,-0.015405125166642069,0.003388087243246527,-0.0036900369003689303,0.07992108269011101,0.017982149107455308
2017-12-10 08:00:00,0.13184316599486992,0.031617442829367584,0.013860610806577887,0.05546775043275385,0.035544166415435695,0.029810298102981088,-0.015641025641025628,0.06765690735811793
2017-12-10 12:00:00,0.003303964757709251,-0.00040427634534185344,0.008993708264175726,0.08044501497646556,0.012056789224608623,-0.018641150558651152,-0.012014847616566808,0.008286176232821274
2017-12-10 16:00:00,-0.035063928709802406,-0.03649831649831648,-0.03417266187050362,-0.045418537100607316,-0.026215827338129532,-0.01801157034651396,-0.05795188277614601,-0.030245670559806762
2017-12-10 20:00:00,0.012050612572805784,0.020503261882572253,0.0640859199811164,0.0039424540047032315,0.015452571242853609,0.009527554291936509,0.02349795975798511,0.00647921252647756
