,Time,btcHigh,btcLow,btcOpen,btcClose,btcVolumeFrom,btcVolumeTo,btcReturns,ethHigh,ethLow,ethOpen,ethClose,ethVolumeFrom,ethVolumeTo,ethReturns,etcHigh,etcLow,etcOpen,etcClose,etcVolumeFrom,etcVolumeTo,etcReturns,ltcHigh,ltcLow,ltcOpen,ltcClose,ltcVolumeFrom,ltcVolumeTo,ltcReturns,dashHigh,dashLow,dashOpen,dashClose,dashVolumeFrom,dashVolumeTo,dashReturns,neoHigh,neoLow,neoOpen,neoClose,neoVolumeFrom,neoVolumeTo,neoReturns,zecHigh,zecLow,zecOpen,zecClose,zecVolumeFrom,zecVolumeTo,zecReturns,xmrHigh,xmrLow,xmrOpen,xmrClose,xmrVolumeFrom,xmrVolumeTo,xmrReturns
0,2017-02-10 16:00:00,1014.32,975.1,997.61,995.36,75978.41,76114582.57,-0.0022553903830154066,11.49,11.19,11.34,11.39,251882.27000000002,2856237.07,0.004409171075837806,1.3,1.15,1.26,1.19,535545.3400000001,652577.1,-0.0555555555555556,3.83,3.67,3.76,3.74,137638.80000000002,515343.77,-0.0053191489361701,17.17,16.44,16.91,16.72,3707.78,62718.7,-0.011235955056179851,0,0,0,0,0,0,0,33.95,30.03,32.51,30.71,4231.59,132685.36,-0.05536757920639795,12.5,12.16,12.28,12.39,14409.68,176023.97999999998,0.008957654723127135
1,2017-02-13 16:00:00,1040.28,986.46,995.36,1031.93,100977.26000000001,102494369.07,0.036740475807748,14.05,11.32,11.39,12.95,3040290.37,38814483.97,0.1369622475856013,1.28,1.19,1.19,1.23,699660.2,871579.61,0.033613445378151294,3.89,3.69,3.74,3.84,232505.94,885436.6399999999,0.026737967914438405,19.74,16.6,16.72,19.27,13017.55,242880.13,0.1525119617224881,0,0,0,0,0,0,0,34.35,30.24,30.71,33,5099.620000000001,165906.7,0.07456854444806249,13.8,12.17,12.39,13,57356.409999999996,752931.11,0.04923325262308308
2,2017-02-16 16:00:00,1063.21,1025.87,1031.93,1048.89,89026.95999999999,93548763.58,0.016435223319411236,12.94,12.68,12.95,12.82,336641.61,4313772.15,-0.010038610038609962,1.26,1.2,1.23,1.22,401053.12,492681.99,-0.008130081300813016,3.88,3.72,3.84,3.75,202032.44,770126.8999999999,-0.023437499999999965,23.49,18.99,19.27,22.22,29579.35,631308.48,0.15308770108977682,0,0,0,0,0,0,0,33.44,30.18,33,30.28,2924.33,92146.53,-0.08242424242424239,13.6,13,13,13.23,13229.670000000002,176906.12,0.017692307692307726
3,2017-02-19 16:00:00,1132.25,1040.99,1048.89,1120.46,135973.03,149515742.92000002,0.06823403788767166,12.9,12.25,12.82,12.69,507296.12,6443090.78,-0.01014040561622471,1.39,1.21,1.22,1.22,348349.1,429236.68,0.0,3.84,3.45,3.75,3.8,473448.47,1787965.22,0.013333333333333286,23.39,20,22.22,21.5,24489.969999999998,524641.2,-0.032403240324032356,0,0,0,0,0,0,0,31.53,22,30.28,27,4624.62,136754.94,-0.10832232496697493,13.23,11.62,13.23,12.93,89030.56999999999,1098708.56,-0.0226757369614513
4,2017-02-22 16:00:00,1211.74,1092.41,1120.46,1149.05,219768.5,255645008.65,0.025516305802973704,13.78,12.64,12.69,13.57,750966.1799999999,9896733.77,0.06934594168636728,1.25,1.18,1.22,1.21,614805.88,748727.3600000001,-0.008196721311475417,3.91,3.72,3.8,3.85,367864.61,1415773.0799999998,0.013157894736842176,29.32,21.47,21.5,26.6,53082.340000000004,1348659.72,0.23720930232558146,0,0,0,0,0,0,0,33.01,26.43,27,29.02,5185.47,152285.75999999998,0.07481481481481479,13.3,11.74,12.93,11.9,49505.34,605387.66,-0.07965970610982206
5,2017-02-25 16:00:00,1208.22,1130.61,1149.05,1189.27,116813.44,138157494.26,0.03500282842348029,16.75,13.37,13.57,16.07,2133281.9699999997,32731861.55,0.18422991893883567,1.26,1.18,1.21,1.23,881654.91,1093329.57,0.016528925619834725,3.87,3.76,3.85,3.77,269335.8,1033319.44,-0.020779220779220797,33.77,25.34,26.6,32.43,56643.2,1668986.26,0.219172932330827,0,0,0,0,0,0,0,38.94,28.01,29.02,36.87,15073.49,526957.67,0.2705031013094417,12.27,11.62,11.9,12.27,70322.82999999999,839543.0700000001,0.03109243697478985
6,2017-02-28 16:00:00,1291.35,1154.55,1189.27,1283.3,196921.33000000002,245881662.75,0.07906530897104945,21.06,15.68,16.07,19.48,3165068.5100000002,57878627.7,0.21219663970130678,1.44,1.22,1.23,1.44,1974446.92,2713822.23,0.17073170731707316,4.35,3.75,3.77,4.02,891785.3400000001,3572249.24,0.06631299734747999,59.03,32.01,32.43,47.25,358959.75,16356837.36,0.4569842738205366,0,0,0,0,0,0,0,42.9,35,36.87,41.38,13453.09,540518.64,0.12232167073501507,14.5,12.15,12.27,13.83,195263.78,2554529.26,0.12713936430317854
7,2017-03-03 16:00:00,1285.78,1228.73,1283.3,1277.01,94875.32999999999,120294018.09,-0.004901426011065194,20.3,18.1,19.48,19.75,1208337.56,23443404.189999998,0.013860369609856241,1.46,1.35,1.44,1.44,707232.27,1004491.35,0.0,4.07,3.9,4.02,4.05,245907.15999999997,980139.1000000001,0.007462686567164241,47.99,39.01,47.25,45.8,105277.06,4683994.3100000005,-0.030687830687830746,0,0,0,0,0,0,0,43.01,35,41.38,39.49,6230.540000000001,249865.47999999998,-0.0456742387626873,16,13.4,13.83,15.4,109394.61,1622343.4,0.11352133044107016
8,2017-03-06 16:00:00,1280.89,1129.35,1277.01,1191.33,245457.81,295443911.96999997,-0.06709422792303903,19.81,15.94,19.75,17.71,1858924.79,33444573.950000003,-0.10329113924050629,1.44,1.25,1.44,1.32,1059561.12,1412206.29,-0.08333333333333326,4.09,3.78,4.05,3.89,324632.7,1271540.92,-0.0395061728395061,53.04,40.54,45.8,50.39,109759.23,5188151.18,0.10021834061135379,0,0,0,0,0,0,0,40.63,34.15,39.49,36.55,5241.15,194619.88999999998,-0.0744492276525704,15.51,12.15,15.4,13.1,149313.59000000003,2011836.17,-0.1493506493506494
9,2017-03-09 16:00:00,1330.42,988.69,1191.33,1225.11,305631.82999999996,359665001.94,0.02835486389161691,23.81,16.57,17.71,23.31,2984941.6700000004,59657343.71,0.3162055335968378,1.43,1.21,1.32,1.41,1454158.51,1944652.65,0.06818181818181807,4,3.7,3.89,3.87,589042.17,2256771.52,-0.005141388174807203,79.42,45.11,50.39,76.03,300662.22000000003,19171474.23,0.5088311172851756,0,0,0,0,0,0,0,44,32.01,36.55,39.14,16871.6,634686.29,0.07086183310533525,17.02,12.15,13.1,16.9,262894.01,3807367.14,0.2900763358778625
10,2017-03-12 17:00:00,1256.95,1205.61,1225.11,1253.43,149195.39,184921615,0.023116291598305593,35.32,23.3,23.31,35.18,4300286.85,124649962.77,0.5092235092235093,1.8,1.35,1.41,1.77,3340249.83,5472670.45,0.2553191489361703,5.23,3.82,3.87,4.26,1615292.2200000002,6773004.14,0.10077519379844953,100.62,70.18,76.03,96,280141.98,24343247.9,0.26265947652242533,0,0,0,0,0,0,0,50,39.14,39.14,46.3,27080.08,1225969.46,0.1829330608073581,19.8,16.11,16.9,19.32,241446.48,4368236.37,0.14319526627218945
11,2017-03-15 17:00:00,1260.24,940.18,1253.43,971.38,506936.66,556060848.89,-0.2250225381553019,54.88,30.63,35.18,34,7652646.59,315119185.12,-0.03354178510517339,2.17,1.55,1.77,1.62,5872392.76,10998627.01,-0.08474576271186436,4.59,3.85,4.26,4.05,1889301,7970371.380000001,-0.04929577464788732,126.11,79.16,96,108.74,387781.94,37391207.81,0.1327083333333333,0,0,0,0,0,0,0,80.41,40.1,46.3,64,80035.2,4861157.85,0.38228941684665235,25.99,18.02,19.32,19.4,475033.64,10172333.8,0.0041407867494823135
12,2017-03-18 17:00:00,1125.53,967.31,971.38,1121.29,260467.39,273013379.97,0.15432683398875824,45.55,33.4,34,42.67,2973302.46,122951190.44,0.25500000000000006,2.39,1.62,1.62,2.38,3630917.7,7417694.1,0.46913580246913567,4.17,3.9,4.05,4.09,619821.6799999999,2492841.98,0.009876543209876552,114.86,90.92,108.74,98.08,217247.69,22079703.519999996,-0.09803200294279932,0,0,0,0,0,0,0,78.74,50,64,65.04,51646.869999999995,3588727.57,0.016250000000000098,24,19.39,19.4,21.57,281711.27,6280857.25,0.11185567010309289
13,2017-03-21 17:00:00,1121.88,927.35,1121.29,939.7,304403.69,309671498.72,-0.16194739986979276,53.74,38.56,42.67,53.19,2699222.25,122409388.17,0.2465432388094679,2.46,2.01,2.38,2.41,3039619.7600000002,7072620.16,0.012605042016806827,4.37,3.88,4.09,4.18,1061272.72,4324028.52,0.02200488997555009,110.21,93.02,98.08,101.94,169015.9,17117222.41,0.03935562805872756,0,0,0,0,0,0,0,80,60.4,65.04,62.89,33102.97,2172295.98,-0.033056580565805745,22.45,20.26,21.57,21.61,177396.11,3803035.3899999997,0.0018544274455261542
14,2017-03-24 17:00:00,1048.85,890.43,939.7,1045.14,303633.43,293983259.01,0.11220602319889332,53.59,47.62,53.19,49.06,2037009.64,102421436.67999999,-0.07764617409287451,2.42,1.85,2.41,2.1,1483312.69,3383780.2399999998,-0.1286307053941909,4.28,4.01,4.18,4.1,691487.93,2837640.1100000003,-0.01913875598086126,103.14,77.87,101.94,84.99,182717.09000000003,16211341.52,-0.16627427898763983,0,0,0,0,0,0,0,66.32,53,62.89,56.42,21367.239999999998,1301882.31,-0.10287804102401016,21.62,16.5,21.61,19.4,189504.19,3715893,-0.10226746876446094
15,2017-03-27 17:00:00,1068.41,1008.34,1045.14,1037.91,223838.28999999998,232462970.47,-0.006917733509386319,53.97,48.5,49.06,51.91,1602157.2999999998,82523106.15,0.058092132083163356,3.15,1.9,2.1,2.85,2807324.76,6972771.49,0.35714285714285715,8.23,4.08,4.1,7.5,6613755.49,42831917.03,0.829268292682927,90.15,75.09,84.99,78.45,138558.68,11445412.57,-0.07695022943875741,0,0,0,0,0,0,0,74.77,52.79,56.42,60.56,37569.82,2440124.97,0.07337823466855725,21.5,17.68,19.4,20.2,147369.28,2900477.92,0.041237113402061897
16,2017-03-30 17:00:00,1109.48,1035.18,1037.91,1097.4,212627.01,229417932.07,0.05731710841980519,52.22,46.83,51.91,48.55,1673995.77,82919950.84,-0.0647274128298979,3,2.51,2.85,2.69,3100099.2600000002,8475973.78,-0.05614035087719303,8.56,5.89,7.5,8.22,7432972.05,54342218.69,0.09600000000000009,78.61,53.34,78.45,56,261843.24000000002,17392146.58,-0.28616953473550033,0,0,0,0,0,0,0,64.91,59.15,60.56,59.25,18774.88,1162784.58,-0.02163143989431972,21.19,18.97,20.2,20.11,131113.47999999998,2647185.56,-0.004455445544554449
17,2017-04-02 17:00:00,1161.19,1095.55,1097.4,1129.87,238967.62,271370475.52,0.029588117368324948,48.76,41.28,48.55,44.9,2160680.2300000004,97249196.47,-0.07518022657054581,2.82,2.48,2.69,2.75,1505980.5299999998,3978329.1100000003,0.022304832713754667,12.85,7.48,8.22,12.39,9927811.7,96024623.69,0.5072992700729927,77.68,46.23,56,74.04,321674.37,20531052.5,0.32214285714285723,0,0,0,0,0,0,0,63.81,57.52,59.25,59.99,14624.13,884911.66,0.012489451476793282,20.94,19.5,20.11,19.75,102849.6,2069569.45,-0.017901541521631002
18,2017-04-05 17:00:00,1201.55,1130.51,1129.87,1180.78,185284.78,218759647.49,0.04505828104118181,45.87,40.99,44.9,44.37,1127617.8599999999,49252564.33,-0.011804008908685994,2.83,2.45,2.75,2.72,2101013.4899999998,5639090.470000001,-0.010909090909090839,12.62,9.4,12.39,10.66,7709070.83,84395037.01,-0.13962873284907187,74.09,63.62,74.04,67.24,94946.18000000001,6501385.600000001,-0.0918422474338197,0,0,0,0,0,0,0,66.44,54.01,59.99,63.41,21127.510000000002,1263921.17,0.057009501583597175,21.48,18.44,19.75,20.81,129992.19,2563375.9299999997,0.0536708860759493
19,2017-04-08 17:00:00,1229.57,1173.99,1180.78,1220.74,122758.91,148535721.03,0.03384203661986148,44.73,42.49,44.37,43.74,541941.3,23715232.39,-0.014198782961460345,2.73,2.54,2.72,2.57,878885.2899999999,2312630.38,-0.055147058823529535,10.94,8.71,10.66,9.66,4570743.84,44270948.6,-0.09380863039399624,68.52,59.11,67.24,60.87,75371.67,4778364.46,-0.09473527662105886,0,0,0,0,0,0,0,78.95,60.03,63.41,61.78,43457.34,2962279.9400000004,-0.0257057246491089,22.64,20.01,20.81,21.91,93552.17,2015584.28,0.05285920230658345
20,2017-04-11 17:00:00,1225.46,1150.29,1220.74,1177.33,158052.65,189285395.43,-0.03556039779150358,51.04,43.26,43.74,47.32,1377789.5999999999,66008722.64,0.08184727937814354,2.71,2.52,2.57,2.63,1465434.96,3866739.22,0.023346303501945546,12.16,9.62,9.66,11.67,5235518.15,59710984.519999996,0.20807453416149066,77.19,59.01,60.87,71.8,165247.02000000002,11536290.96,0.17956300312140627,0,0,0,0,0,0,0,73.51,59.28,61.78,72.09,33175.53,2204823.58,0.16688248624150215,22.52,19.6,21.91,21.07,89903.83,1951683.87,-0.03833865814696485
21,2017-04-14 17:00:00,1202.97,841.53,1177.33,1194.01,93798.41,112512063.15,0.01416765053128695,62.03,46.89,47.32,47.94,483874.44999999995,23573410.92,0.01310228233305151,2.69,2.56,2.63,2.58,763670.56,2035734.5699999998,-0.019011406844106397,12.81,10.54,11.67,11.26,3269192.72,39423133.98,-0.035132819194515864,78.25,69.12,71.8,75.44,66258.62000000001,5033349.25,0.05069637883008358,0,0,0,0,0,0,0,77.5,62,72.09,69.66,28846.35,2137086.02,-0.03370786516853942,21.49,20.11,21.07,20.53,87851.9,1855727.2000000002,-0.025628856193640207
22,2017-04-17 17:00:00,1246.64,1191.14,1194.01,1238.09,151289.53,187157937.32999998,0.03691761375532862,50.5,46.86,47.94,49.36,1128457.39,56643267.95,0.029620358781810633,3.4,2.58,2.58,3.21,3817700.0599999996,12133793.399999999,0.24418604651162787,11.59,9.98,11.26,10.97,4033102.91,44339500.4,-0.025754884547069198,76.39,70.09,75.44,71.04,53303.59,3989191.6799999997,-0.05832449628844103,0,0,0,0,0,0,0,72.5,65.63,69.66,65.96,27289.339999999997,1991747.9500000002,-0.053115130634510524,21.12,20.11,20.53,20.2,73997.44,1589808.5899999999,-0.0160740379931808
23,2017-04-20 17:00:00,1256.97,1215.78,1238.09,1249.14,127766.62,162499585.32,0.008925037759775285,49.46,47.91,49.36,48.75,519302.44999999995,25985565.72,-0.012358184764991885,3.52,3,3.21,3.5,2385983.8600000003,8277442.68,0.09034267912772587,15.74,10.84,10.97,15.15,8512373.879999999,119295275.07,0.38103919781221507,72.98,69.68,71.04,70.24,37436.979999999996,2790985.21,-0.01126126126126142,0,0,0,0,0,0,0,70.17,65.96,65.96,68.53,16548.739999999998,1200977.1,0.038963007883565916,20.62,19.6,20.2,20.04,91448.05,1963542.8399999999,-0.007920792079207928
24,2017-04-23 17:00:00,1309.2,1234.86,1249.14,1286.63,141336.68,183590355.99,0.03001264870230719,54.61,48.72,48.75,53.28,937182,49505753.1,0.09292307692307694,4.74,3.5,3.5,4.6,5745786.88,25007092.79,0.31428571428571417,15.86,14.08,15.15,14.89,4355053.23,66865917.489999995,-0.017161716171617148,72.87,69.22,70.24,71.31,40878.490000000005,3033845.4699999997,0.015233485193621974,0,0,0,0,0,0,0,75.89,66.88,68.53,72.5,24335.14,1873822.52,0.05793083321173207,20.26,19.3,20.04,19.5,102712.94,2173944.15,-0.026946107784431097
25,2017-04-26 17:00:00,1356.15,1285.3,1286.63,1336.28,180310.23,243838581.26000002,0.038589182593286225,74.03,52.43,53.28,69.83,2329207.87,155251196.20999998,0.31062312312312307,5.5,4.59,4.6,5.5,4328577.699999999,22939310.98,0.19565217391304357,15.79,13.35,14.89,15.75,3600597.62,53794359.54,0.057756883814640655,98.92,70.06,71.31,93.07,167860.53,14988669.87,0.30514654326181445,0,0,0,0,0,0,0,98.6,71.67,72.5,96,35616.32,3201450.7699999996,0.32413793103448274,23.45,19.5,19.5,23.22,235770.25,5430068.92,0.19076923076923072
26,2017-04-29 17:00:00,1471.14,1309.66,1336.28,1445.93,211086.13,303226569.32000005,0.08205615589547108,83.87,69.28,69.83,77.25,2382304.63,188073807.8,0.10625805527710155,7.63,5.34,5.5,6.41,6953382.33,48120227.31,0.1654545454545455,16.25,14.94,15.75,15.57,2952062.9,47374825.510000005,-0.011428571428571411,95.74,79.78,93.07,83.73,108101.43,10114231.92,-0.10035457182765649,0,0,0,0,0,0,0,108,76,96,93.5,69365.18,6938736.5600000005,-0.026041666666666668,24.34,21.95,23.22,23.23,169637.66999999998,4211686.95,0.0004306632213609631
27,2017-05-02 17:00:00,1609.84,1424.05,1445.93,1507.77,338807.89999999997,523652428.9200001,0.04276832211794479,97.66,75.4,77.25,90.79,2204328.41,196233876.66,0.17527508090614896,7.5,6.35,6.41,7.05,4614900.67,33795967.4,0.09984399375975034,27.16,15.51,15.57,25.2,11945666.719999999,270889313.02,0.6184971098265896,98.45,81.36,83.73,92.55,147747.49000000002,14151114.290000001,0.10533858831959862,0,0,0,0,0,0,0,113.5,86,93.5,100.25,54115.35,5521665,0.07219251336898395,31.48,22.6,23.23,27.36,297565.78,8197679.209999999,0.17778734395178644
28,2017-05-05 17:00:00,1667.67,1495.18,1507.77,1664.47,238184.47999999998,379143127.19,0.10392831797953272,96.37,62.74,90.79,88.39,1421628.62,126212448.51,-0.026434629364467513,7.27,5.17,7.05,6.3,3239178.92,22466189.54,-0.10638297872340426,30.91,24.81,25.2,28.1,5116794.26,146417217.81,0.11507936507936517,105.8,91.24,92.55,95.87,99234.88999999998,10015425.09,0.035872501350621366,0,0,0,0,0,0,0,109,90,100.25,103.25,33143.68,3542368.6999999997,0.029925187032418952,37.97,26.06,27.36,29.59,279793.70999999996,8722508.73,0.08150584795321639
29,2017-05-08 17:00:00,1864.76,1619.97,1664.47,1819.29,325917.49,574202209.67,0.09301459323388221,91.32,75.07,88.39,88.2,1449080.87,124665140.94999999,-0.0021495644303654,6.83,5,6.3,6.28,3355828.0500000003,20699238.98,-0.003174603174603107,36.47,23.28,28.1,29.88,9042778.399999999,277267080.83,0.06334519572953727,98.26,78.27,95.87,88.63,81759.68000000001,7351267.459999999,-0.0755189318869303,0,0,0,0,0,0,0,103.97,85.01,103.25,93.52,34756.07,3387963.21,-0.09423728813559326,30.94,25.25,29.59,29.77,128476.89000000001,3763005.42,0.006083136194660349
30,2017-05-11 17:00:00,1822.51,1594.59,1819.29,1772.55,225444.52,393424348.34999996,-0.025691341127582742,90.57,81.81,88.2,88.72,811164.71,70981559.19,0.0058956916099772785,6.87,5.61,6.28,6.61,1711011.0699999998,10810335.04,0.05254777070063695,30.78,24.47,29.88,28.07,3933759.83,110503208.13,-0.06057563587684066,90.62,81.46,88.63,87.28,37531.39,3307394.68,-0.01523186280040612,0,0,0,0,0,0,0,101.8,93,93.52,95.95,15215.03,1495421.3599999999,0.0259837467921301,30.32,27.22,29.77,28.44,56001.42,1628464.95,-0.04467584816929789
31,2017-05-14 17:00:00,1842.83,1653.72,1772.55,1801.3,250401.78,439832512.77,0.01621957067501622,94.3,81.99,88.72,86.98,1456147.06,128607102.35,-0.019612263300270456,6.65,5.53,6.61,5.71,1831548.9299999997,11242682.13,-0.13615733736762486,28.09,20.32,28.07,25.06,6226978.789999999,150233060.29,-0.1072319201995013,88.99,76.48,87.28,81.85,65010.28,5534286.75,-0.06221356553620539,0,0,0,0,0,0,0,97.96,86,95.95,92.97,11332.98,1059310.07,-0.03105784262636794,28.62,25.48,28.44,27.32,59311.33,1631459.9,-0.03938115330520397
32,2017-05-17 17:00:00,2048.45,1791.12,1801.3,2040.18,261716.69999999998,506772750.67,0.1326153333703437,129.47,86.69,86.98,123.06,2161138.63,240832761.75,0.4148080018395033,7.68,5.71,5.71,6.9,2591014.63,17995139.06,0.2084063047285465,28.79,24.44,25.06,27.42,3824285.7,103561439.92,0.094173982442139,104.12,80.46,81.85,97.39,96832.24,9206775.69,0.18985949908368976,0,0,0,0,0,0,0,108.86,87.18,92.97,104.85,24162.199999999997,2438888.09,0.12778315585672792,36.99,27.29,27.32,34.8,156545.16999999998,5084349.68,0.27379209370424584
33,2017-05-20 17:00:00,2286.3,1980.07,2040.18,2272.58,367331.2,786488388.0799999,0.1139115176111911,181.46,121.72,123.06,169.5,3205750.54,498836010.55,0.3773768893222818,10.74,6.65,6.9,10.74,4870424.609999999,41865854.89,0.5565217391304347,31.72,22.82,27.42,31.36,5826345.4399999995,156187286.03,0.14369073668854843,147.68,95.51,97.39,131.8,239073.55,28932307.82,0.35332169627271803,0,0,0,0,0,0,0,300,99.99,104.85,231.79,98977.04,20159455.51,1.210681926561755,55.97,32.39,34.8,55.41,267329.36,10679997.399999999,0.5922413793103448
34,2017-05-23 17:00:00,2781.76,2051.45,2272.58,2244.89,589187.84,1417215773.3600001,-0.012184389548442764,216.1,141.56,169.5,162.83,3242525.28,594523687.28,-0.03935103244837751,23,10.51,10.74,14.45,8086976.39,128422711.46000001,0.34543761638733694,35.94,23.35,31.36,24.45,7279092.81,221437704.9,-0.22034438775510204,152.2,102.58,131.8,108.95,185143.05,24855065.85,-0.1733687405159333,0,0,0,0,0,0,0,284.9,156.68,231.79,200,72986.04999999999,16466234.8,-0.13715000647137493,58.5,34.85,55.41,38.48,405907.43,18707702.169999998,-0.3055405161523191
35,2017-05-26 17:00:00,2337.35,1868.56,2244.89,2278.21,440192.99,916901697,0.014842598078302351,197.74,114.17,162.83,194.17,2967622.62,464626709.08,0.19247067493705075,17,9.5,14.45,16.37,5462184.49,74499193.91,0.13287197231833922,25.99,18.13,24.45,25.33,5545369.89,126336486.10999998,0.03599182004089976,116.56,81.06,108.95,114.1,118093.13,12055304.68,0.04726938962826977,0,0,0,0,0,0,0,211,131.27,200,201.96,61119.97,10877938.99,0.00980000000000004,43.95,26.1,38.41,41.08,232996.43,8116362.32,0.06951314761780791
36,2017-05-29 17:00:00,2460.84,2147.1,2278.21,2412.65,361409.65,821362614.77,0.059011241281532456,235.52,185.83,194.17,220.7,3111748.9699999997,673998597.5699999,0.13663284750476387,17.78,15.6,16.37,16.08,2774968.65,45276381.260000005,-0.017715332926084463,29.61,23.51,25.33,27.55,4001859.04,104030275.46000001,0.08764311093564953,144.53,111.45,114.1,133.53,113082.07,14406777.55,0.1702892199824716,0,0,0,0,0,0,0,269,201.11,201.96,245.73,46685.409999999996,10732713.5,0.21672608437314309,46.21,37.43,41.08,43.99,142367.87,5871557.05,0.07083739045764371
37,2017-06-01 17:00:00,2582.77,2385.59,2412.65,2524.06,213463.9,525994778.72,0.04617743974467903,249.34,216.94,220.7,244.96,1180054.6600000001,269269911.32,0.10992297236067068,17.4,15.61,16.08,17.28,988098.5900000001,15998432.54,0.07462686567164198,28.65,26.78,27.55,27.89,2006664.9699999997,55100251.44,0.012341197822141556,145.88,132.32,133.53,141.66,43696.94,6098445.87,0.0608851943383509,0,0,0,0,0,0,0,258,219.83,245.73,238.87,19860.11,4615351.83,-0.02791681927318596,45,41.04,43.99,42.77,56048.04000000001,2373534.65,-0.027733575812684673
38,2017-06-04 17:00:00,2931.24,2523.92,2524.06,2691.51,401590.67,1104714265,0.0663415291237135,268.12,241.5,244.96,255.77,1526975.5,387690364.67,0.04412965382103201,18.71,16.4,17.28,17.1,2305459.0999999996,39364301.8,-0.010416666666666649,31.62,27.85,27.89,28.47,3681791.02,109254559.38,0.020795984223736044,149.8,128.75,141.66,138.41,99550.03,14089926.11,-0.022942256106169703,0,0,0,0,0,0,0,325.92,231.95,238.87,264.69,59845.759999999995,15830715.43,0.10809226776070663,61.69,41.94,42.77,53.01,292177.62,15271444.030000001,0.2394201543137712
39,2017-06-07 17:00:00,2914.19,2623.61,2691.51,2900.25,248981.98000000004,697005399.08,0.07755497843218111,351.82,250.89,255.77,335.95,1736631.48,498474088.41,0.3134847714743714,19,16.65,17.1,19,1238785.74,21599422.67,0.11111111111111102,30.63,27.8,28.47,30.06,2394432.16,70965254.04,0.05584826132771338,150.33,136.3,138.41,148.47,44980.630000000005,6525113.57,0.07268260963803196,0,0,0,0,0,0,0,322.51,253.44,264.69,321.01,34750.29,9845800.41,0.21277721107710904,57.41,49.16,53.01,51.11,104767.35999999999,5677884.920000001,-0.03584229390681001
40,2017-06-10 17:00:00,2985.06,2483.63,2900.25,2712.99,417727.47000000003,1141151847.35,-0.06456684768554442,417.21,311.99,335.95,388.09,2830529.5500000003,1024942984.97,0.15520166691471943,22.3,15.6,19,20.14,3875821.67,76227402.2,0.06000000000000003,34.43,27.09,30.06,30.38,4297531.59,130691306.39,0.010645375914837003,196.79,148.01,148.47,180.21,197768.99,35092282.36,0.2137805617296424,0,0,0,0,0,0,0,380.54,250.99,321.01,364.42,59142.659999999996,18681080.22,0.13522943210491895,59.26,45,51.11,51.74,240226.6,11903751.47,0.012326354920759197
41,2017-06-13 17:00:00,2803.72,2125.56,2712.99,2508.58,554183,1341189403.01,-0.07534491465136248,393.62,260.78,388.09,353.61,3571459.98,1174322611.94,-0.08884537091911661,20.94,13.5,20.14,17.24,2755594.3200000003,45901057.06,-0.14399205561072503,34.18,25.45,30.38,34.12,4630912.7700000005,137120652.96,0.12310730743910463,190.76,142.74,180.21,162.18,114693.16,18489233.56,-0.10004994173464292,0,0,0,0,0,0,0,453.05,275.82,364.42,381.03,105059.5,38246989.35,0.04557927665880016,53.83,37.22,51.74,47.41,177116.68,8018567.06,-0.0836876691148049
42,2017-06-16 17:00:00,2690.71,2454.81,2508.58,2616.82,269781.73,692310639.08,0.04314791635108318,379.17,341.29,353.61,358.2,1130468.52,403490375.72,0.012980402137948516,23.8,16.92,17.24,21.5,2931943.37,60577891.18,0.24709976798143862,50.14,34.12,34.12,47.37,10382412.29,445280878.46,0.38833528722157096,198.63,158.46,162.18,194.5,111388.66,20436225.82,0.19928474534467872,0,0,0,0,0,0,0,406.69,338.08,381.03,401.68,38984.78,14731468.43,0.05419520772642583,54.03,46.71,47.41,50.45,114502.70000000001,5794188.24,0.06412149335583224
43,2017-06-19 17:00:00,2804.41,2613.98,2616.82,2722.84,305634.76,823587512.99,0.04051482333519309,365.22,138.5,358.2,320.97,2036789.1600000001,662634234.82,-0.10393634840871012,21.59,17.69,21.5,19.35,1464782.91,28777599.949999996,-0.09999999999999994,48.32,42.85,47.37,46.16,3680646.78,167208899.42,-0.025543592991344753,196.67,172.71,194.5,180.85,60492.439999999995,11254252.39,-0.07017994858611828,0,0,0,0,0,0,0,439.35,346.33,401.68,379.23,46176.79,18261137.96,-0.05589026090420232,53.53,45.93,50.45,49.93,78482,3965554.71,-0.01030723488602583
44,2017-06-22 17:00:00,2759.66,2472.37,2722.84,2541.62,230874.71,603989837.03,-0.0665555082193593,331.53,253.3,320.97,279.36,1402097.37,416049463.15,-0.12963828395177124,21.27,17.45,19.35,18.42,1448330.2,27684074.88,-0.04806201550387595,46.98,39.33,46.16,41.28,2313517.44,100151672.3,-0.10571923743500858,189.03,163.79,180.85,169.59,38965.96,6863967.08,-0.0622615427149571,0,0,0,0,0,0,0,409.37,285.81,379.23,313.92,24255.4,8331271.41,-0.1722173878648841,51.96,43.8,49.93,45.14,80257.41,3824563.16,-0.09593430803124373
45,2017-06-25 17:00:00,2616.95,2309.63,2541.62,2577.74,435513.53,1063221683,0.014211408471762062,323.87,209.55,279.36,315.86,4500977.8,1157788600.93,0.13065578465063,19.75,14.79,18.42,18.73,3106540.98,52664992.83,0.016829533116177995,43.1,34.19,41.28,41.89,4352947.75,166495282.55,0.014777131782945723,184.35,140.26,169.59,179.62,77417.41,12513871.41,0.05914263812724808,0,0,0,0,0,0,0,360.96,245.19,313.92,336.91,70176.85,20940326.83,0.07323521916411828,47.55,37.22,45.14,47.1,142326.65,5963611.9,0.043420469649977866
46,2017-06-28 17:00:00,2605.86,2387.47,2577.74,2424.61,214645.5,536274029.90000004,-0.05940474989719664,322.28,253.18,315.86,261,2356670.5999999996,669355659.72,-0.17368454378522133,18.92,15.86,18.73,16.5,990697.9099999999,17238977.94,-0.11906033101975443,41.94,37.12,41.89,38.08,1681164.42,66662007.9,-0.09095249462878974,181.59,159,179.62,162.01,58146.520000000004,10097072.33,-0.09804030731544379,0,0,0,0,0,0,0,343.23,258.71,336.91,275.39,51360.22,15460101.07,-0.18260069454750538,47.75,38.87,47.1,40.06,122775.81999999999,5350900.77,-0.14946921443736727
47,2017-07-01 17:00:00,2658.73,2375.86,2424.61,2617.32,231850.54,588518155.52,0.07948082372010346,293.3,254.19,261,269.05,1724595.98,471099088.41999996,0.03084291187739468,18.16,15.95,16.5,17.4,1251461.01,21451331.6,0.05454545454545446,54.82,36.87,38.08,54.51,5192976.25,245040375.27,0.43146008403361347,186.35,159.11,162.01,181.4,57508.78,10062050.959999999,0.119683970125301,0,0,0,0,0,0,0,298.35,258.67,275.39,281.63,46198.61,13107868.329999998,0.022658774828425175,45.72,39.2,40.06,45.19,140911.71,6071053.74,0.12805791313030443
48,2017-07-04 17:00:00,2642.74,2484.73,2617.32,2513.88,240322.58000000002,617983345.98,-0.03952134244188714,274.55,236.16,269.05,240.94,1710213.6,440492356.72,-0.10447872142724406,17.76,15.61,17.4,16.08,663186.17,11232191.21,-0.07586206896551727,56.58,44.47,54.51,46.1,4450644.28,222506578.42000002,-0.15428361768482843,222,178.02,181.4,190.59,149756.58000000002,30312963.6,0.05066152149944872,0,0,0,0,0,0,0,295.12,246.16,281.63,248.06,49082.67,13424305.34,-0.11919894897560628,50.66,43.51,45.19,44.07,232077.75,10877293.36,-0.024784244301836632
49,2017-07-07 17:00:00,2576.73,2271.79,2513.88,2344.02,217468.26,533750209,-0.06756885770203833,251.79,188.21,240.94,205.76,2177433.44,491170208.14,-0.1460114551340583,17.3,13.44,16.08,14.2,1503172.94,23209693.06,-0.11691542288557209,52.4,42.68,46.1,45,3592656.45,171654339.26000002,-0.02386117136659439,209.98,168.56,190.59,174.07,87284.41,16886553.55,-0.08667820976966267,0,0,0,0,0,0,0,262.78,179.5,248.06,196.09,54322.979999999996,12421566.52,-0.20950576473433846,46.97,37.59,44.07,40.04,151034.66999999998,6574261.24,-0.0914454277286136
50,2017-07-10 17:00:00,2436.66,2262.08,2344.02,2362.44,344319.47,807724121.9100001,0.007858294724447774,227.06,175.21,205.76,205.41,4258130.74,854443985.99,-0.001701010886469646,19.8,12,14.2,17.55,4314407.2700000005,71688622.59,0.23591549295774658,48.38,41.84,45,45.69,3561643.88,160090844.9,0.015333333333333282,180.54,156.51,174.07,167.74,98487.88,16558916.31,-0.036364680875509765,0,0,0,0,0,0,0,221.06,163.3,196.09,194.59,74279.45,13995626.729999999,-0.007649548676628079,41.37,35.1,40.04,38.02,198952.45,7580309.84,-0.05044955044955035
51,2017-07-13 17:00:00,2370.53,1808.99,2362.44,1914.09,459372.20999999996,942711491.96,-0.1897825976532738,207.07,132.64,205.41,155.42,4363651.92,732130995.0899999,-0.243366924687211,17.93,12.77,17.55,13.92,2874856.5,43450769.49,-0.20683760683760688,45.96,35.49,45.69,40.7,4339814.37,173908299.89999998,-0.10921427008098042,173.47,118.81,167.74,131.35,131301.46,18699769.509999998,-0.21694288780255164,0,0,0,0,0,0,0,196.94,138.12,194.59,163.34,57650.270000000004,9336993.690000001,-0.16059406958219846,38.42,28.22,38.02,29.36,254198.44,8257129.07,-0.22777485533929517
52,2017-07-16 17:00:00,2412.38,1913.79,1914.09,2282.58,533827.7,1191225836.74,0.19251445856777896,256.89,154.25,155.42,194.41,7738853.58,1570672715.79,0.25086861407798233,16.38,13.67,13.92,14.14,2463749.12,37332637.53,0.015804597701149472,44.84,39.82,40.7,40.11,3753345.13,158740216.91,-0.01449631449631458,169.31,131.35,131.35,153.52,94746.53,14361630.780000001,0.16878568709554637,0,0,0,0,0,0,0,225.23,147.6,163.34,181.23,88419.41,16816765.759999998,0.10952614179013093,37.98,29.27,29.36,34.94,214796.55,7329179.72,0.1900544959128065
53,2017-07-19 17:00:00,2932.81,2282.11,2282.58,2836.53,626010.3099999999,1678564541.05,0.24268590805141563,236.62,194.41,194.41,230.47,4008309,888946537.1800001,0.18548428578776813,17.61,14.14,14.14,16.81,2045859.87,32898644.15,0.18882602545968868,47.31,40.11,40.11,46.47,3041463.3099999996,136079182.87,0.15856394913986535,191.94,153.52,153.52,190.17,116599.06000000001,21636674.42,0.2387311099531004,0,0,0,0,0,0,0,235.76,180.76,181.23,218.97,60986.99,12665694.399999999,0.2082436682668433,44.94,34.74,34.94,44.86,155961.7,6308409.6,0.2839152833428736
54,2017-07-22 17:00:00,2856.67,2472.62,2836.53,2582.58,397122.16000000003,1063682006.11,-0.08952840266099786,234.17,192.64,230.47,203.59,2343724.6,503842588.28,-0.116631231830607,16.93,13.59,16.81,14.66,991669.29,15417022.73,-0.1279000594883997,46.67,40.52,46.47,42.3,2075605.25,90583464.22999999,-0.08973531310522923,212.04,179.19,190.17,193.45,133309.22,26639529.9,0.01724772571909345,0,0,0,0,0,0,0,227.85,176.61,218.97,186.7,70870.51000000001,14425880.52,-0.1473717860894187,46.26,37.88,44.86,40.66,226108.87,9583334.219999999,-0.09362460989745883
55,2017-07-25 17:00:00,2843.78,2441.54,2582.58,2806.75,378240.32999999996,993825888.6500001,0.08680079610312172,209.29,189.77,203.59,191.21,1945904.8099999998,387094104.01,-0.060808487646740975,14.9,13.73,14.66,13.97,793667.18,11384132.620000001,-0.04706684856753066,43.09,40.17,42.3,40.43,1696173.7,70191012.56,-0.04420803782505905,204.6,179.97,193.45,184.58,73643.91,14124406.84,-0.04585164125096912,0,0,0,0,0,0,0,192.42,172.26,186.7,175.5,69852.51999999999,12764732.98,-0.05998928762720937,46.93,38.44,40.66,43.67,327265.57,14395039.48,0.0740285292670931
56,2017-07-28 17:00:00,2916.3,2621.68,2806.75,2883.27,258324.56,708589012.9,0.02726284849024672,209.88,177.69,191.21,201.33,2092592.56,406553027.15999997,0.05292610219130801,14.48,13.27,13.97,13.74,1575803.7200000002,21633335.76,-0.01646385110952043,43.57,38.45,40.43,42.38,1801930.68,73311766.22999999,0.048231511254019366,188.29,168.29,184.58,175.72,74298.73,13056045.59,-0.04800086683280969,0,0,0,0,0,0,0,187.61,165.56,175.5,172.29,55222.06,9615703.39,-0.018290598290598335,44.39,38.75,43.67,39.68,195691.72,8079846.74,-0.09136707121593776
57,2017-07-31 17:00:00,2946.02,2659.62,2883.27,2809.99,273094.6,752267859.09,-0.02541558716318631,232.55,201.27,201.33,224.39,2418714.87,530429082.79999995,0.11453832017086361,15.35,13.46,13.74,15.29,1329541.6,19313826.41,0.11280931586608435,43.93,41.11,42.38,42.75,1736994.6500000001,73854219.44,0.00873053327041051,198.06,174.37,175.72,187.64,75001.92,13638985.52,0.06783519235146818,0,0,0,0,0,0,0,210.37,170.8,172.29,187.94,72971.96,13618017.469999999,0.09083521968773584,48.23,39.58,39.68,43.24,208734.97000000003,8953586.290000001,0.08971774193548393
58,2017-08-03 17:00:00,3344.01,2779.51,2809.99,3232.03,288823.75,896022406.39,0.1501927053121187,272.22,219.72,224.39,264.56,2282452.99,558651877.89,0.17901867284638362,16.11,14.76,15.29,15.57,1199418.77,18359208.93,0.018312622629169467,47.23,42.41,42.75,45.56,1704846.16,76992718.45,0.06573099415204683,196.4,183.44,187.64,188.77,65045.02,12389824.55,0.0060221701129824345,17.25,10.21,10.5,15.97,318614.7,4510148.63,0.5209523809523811,214.04,184.23,187.94,208.12,69549.20999999999,13853974.5,0.107374694051293,50.02,43.04,43.24,47.92,171450.07,8028852.97,0.10823311748381127
59,2017-08-06 17:00:00,3494.87,3198.51,3232.03,3348.79,292115.31,984249756.2,0.0361259022966989,314.75,257.41,264.56,295.28,2874926.75,827081392.6300001,0.11611732688237061,16.46,14.55,15.57,15.34,1185338.98,18354757.13,-0.014771997430956996,50.2,45.21,45.56,47.78,1983270.5300000003,94117583.39,0.04872695346795432,206.28,186.21,188.77,198.94,65874.23999999999,12971853.239999998,0.053875086083593725,23,15.68,18.2,22.6,579456.29,10826678.989999998,0.2417582417582419,261.71,204.17,208.12,241.86,113637.31,26211987.15,0.1621180088410533,53.46,47.07,47.92,51.08,198205.19,9971738.93,0.06594323873121863
60,2017-08-09 17:00:00,3967.26,3322.92,3348.79,3871.62,292158.32,1056692278.0799999,0.15612504815172046,319.14,289.22,295.24,308.02,1696767.56,519044143.29999995,0.0432868175044031,15.71,14.44,15.34,14.65,727187.75,11022265.76,-0.044980443285528,48.68,46,47.78,46.27,1397214.74,66029516.45,-0.0316031812473838,210.39,195,198.94,204.29,54845.81,11182334.129999999,0.02689253041117922,41.72,21.51,22.6,37.72,962765.04,30824295.26,0.6690265486725662,248.45,217.82,241.86,223.23,68621.63,16024791.099999998,-0.07702803274621692,51.76,46.06,51.08,49.5,171721.44,8482078.040000001,-0.030931871574001533
61,2017-08-12 17:00:00,4436.48,3837.13,3871.62,4161.66,498628.77999999997,2052685940.5100002,0.07491437692748772,308.87,271.38,308.02,286.52,1906460.68,557776053.82,-0.0698006622946562,14.66,13.07,14.65,13.42,992071.39,13803461.91,-0.08395904436860072,47.43,41.78,46.27,43.17,1973781.9100000001,88576897.37,-0.06699805489518049,207.59,187.07,204.29,202.64,74992.3,14905158.310000002,-0.008076753634539163,56.69,35.31,37.72,47.5,855965.1399999999,39554932.29,0.25927889713679747,225.25,195.06,223.23,212.03,72356.94,15137319.129999999,-0.05017246785826273,50.26,43.82,49.5,48.7,206797.02000000002,9889212.209999999,-0.016161616161616103
62,2017-08-15 17:00:00,4487.5,3938.62,4161.66,4105.37,384775.56,1631091452.4,-0.01352585266456173,310.43,280.66,286.52,292.62,1477395.76,440699840.71000004,0.021289962306296324,14.38,12.51,13.42,13.44,905171.15,12460347.190000001,0.0014903129657227701,47.92,42.1,43.17,46.74,1823012.27,81450444.63,0.08269631688672689,261.7,197.78,202.64,222.63,129114.05,30359723.810000002,0.09864784840110546,52.3,30.54,47.5,38.88,778518.4,31896537.37,-0.18147368421052626,219.14,199.1,212.03,200.01,61814.05,12995425.39,-0.05669009102485502,49.44,45.55,48.7,46.6,182281.79,8759057.02,-0.043121149897330624
63,2017-08-18 17:00:00,4189.68,3957.46,4105.37,4005.1,274532.05,1116090643.93,-0.024424107936678055,345.44,283.65,292.62,321.85,1899908.94,590866790.5699999,0.09989064315494504,15.12,13.04,13.44,14.66,1171751.5899999999,16406970.010000002,0.09077380952380958,48.94,43.39,46.74,48.09,1482473.2799999998,68234935.05,0.02888318356867782,318.68,222.56,222.63,281.22,151825.72999999998,42022121.71,0.26317207923460467,42,34,38.88,35.46,375101.78,14222412.450000001,-0.087962962962963,258.1,190.95,200.01,237.28,122582.05,28487043.1,0.18634068296585177,98.25,46.47,46.6,77.74,761241.25,54767053.17,0.6682403433476394
64,2017-08-21 17:00:00,4364.11,3612.21,4005.1,4318.35,338146.24,1367371575.19,0.0782127787071485,329.39,293.09,321.85,325.28,1604579.83,505927605.13,0.010657138418517786,16.65,13.37,14.66,15.13,2315766.1100000003,35476211.839999996,0.03206002728512965,55.43,44.85,48.09,50.36,3335019.48,168242864.38,0.047203160740278555,313.41,261.03,281.22,313.34,71844.21,20899889.64,0.11421662755138307,44.39,31.5,35.46,41.9,349163.44,13446434.69,0.18161308516638458,239.93,207.15,237.28,227.48,70489.3,15982682.75,-0.04130141604855028,100.08,71.89,77.74,86.16,754011.77,66048775.620000005,0.1083097504502187
65,2017-08-24 17:00:00,4461.71,4263.28,4318.35,4345.75,171577.66,746868018.9,0.006345016036217452,347.92,324.69,325.28,347.88,979363.5700000001,326530594.14,0.06947860304968036,16.35,14.87,15.13,16.01,1043591.0499999999,16236423.299999999,0.0581625908790483,64.49,49.78,50.36,61.08,3086049.73,174437042.05,0.21286735504368545,411.76,306.21,313.34,362.9,115445.52,41271653.07,0.1581668475138827,42.6,37,41.9,40,148838.63,5892187.130000001,-0.04534606205250594,300.11,227.05,227.48,273.78,131165.61,34923847.94,0.2035343766484965,148.19,85.09,86.16,130.74,892416.34,108933302.69999999,0.5174094707520893
66,2017-08-27 17:00:00,4647.83,4195.23,4345.75,4583.02,244759.07,1094219951.6399999,0.05459817062647424,390.64,335.41,347.88,383.86,1778564.9500000002,647875819.69,0.10342646889732098,16.41,15.52,16.01,15.96,947991.4199999999,15025863.9,-0.003123048094940706,66.57,58.87,61.08,65.97,3078524.97,192695221.69000003,0.0800589390962672,374.95,347.91,362.9,371.61,60130.56,21728326.27,0.02400110223201994,40.35,28.1,40,33.33,387082.5,13236367.53,-0.16675000000000004,281.91,254.91,273.78,275.18,92487.76000000001,25144055.439999998,0.005113594857184726,154.88,122.44,130.74,133.7,655611.62,90043500.08,0.022640354902860482
67,2017-08-30 17:00:00,4976.52,4448.64,4583.02,4573.8,335076.75,1577835327.7800002,-0.0020117738958154783,395.3,328.87,383.86,351.03,1928492.5299999998,714597523,-0.0855259730109937,24.24,15.89,15.96,19.88,5858269.98,116491140.58,0.24561403508771917,93.67,65.12,65.97,79.18,8862761.77,706211181.12,0.20024253448537227,400.72,326.69,371.61,348.09,77364.1,28679430.75,-0.06329216113667564,35.3,27.29,33.33,31.35,371877.51,11694570.92,-0.05940594059405931,312.25,232.2,275.18,251.87,127591.97,35845527.59,-0.08470819100225307,151.44,120.74,133.7,123.15,458796.04,63256343.33,-0.0789080029917725
68,2017-09-02 17:00:00,4719.78,4004.62,4573.8,4409.08,431633.45,1881198683.6200001,-0.0360138178319997,370.5,275.97,351.03,317.94,3266704.54,1024280320.6600001,-0.09426544739765826,20.79,15.39,19.88,17.08,3394561.61,59428281.83999999,-0.14084507042253525,84.07,62.97,79.18,73.73,6387438.589999999,460761947,-0.06883051275574643,373.64,281.85,348.09,326.74,104848.84,34018218,-0.061334712287052104,32.88,16.5,31.35,23.4,1224504.1600000001,27013677.36,-0.2535885167464116,270.97,197.93,251.87,229.78,132746.84999999998,30999990.29,-0.08770397427244214,129.52,94.81,123.15,118.9,505089.16000000003,57343638.11,-0.03451075923670321
69,2017-09-05 17:00:00,4699.59,4130.88,4409.08,4326.45,361826.38,1616476981.97,-0.018740871111433702,341.77,293.12,317.94,306.72,2061574.02,661334426.56,-0.035289677297603225,19.39,15.91,17.08,16.75,2784791.88,49821379.39,-0.019320843091334798,82.84,68.42,73.73,73.19,5636779.95,431787318.18000007,-0.007324020073240285,371.91,311.94,326.74,330.89,79978.02,27195063.54,0.01270123033604694,34,20.1,23.4,25.81,1615549.1400000001,42335833.269999996,0.102991452991453,252.17,212.09,229.78,220.97,119614.45000000001,28272635.740000002,-0.03834102184698408,135.19,110.75,118.9,117.33,356575.74,43053130.379999995,-0.013204373423044636
70,2017-09-08 17:00:00,4402.15,4032.15,4326.45,4217.9,273920.39,1158693772.75,-0.025089854268511177,309.07,280.7,306.72,297.95,1538547.52,456879744.15,-0.028592853416797202,16.75,14.27,16.75,15.22,1689383.11,26097176.97,-0.09134328358208951,73.95,63.33,73.19,68.13,3740364.62,256181449.82,-0.06913512774969262,335.08,296.21,330.89,317.75,74798.01999999999,23873258.270000003,-0.039711082232766134,25.96,19.63,25.81,21.96,937519.2,21445414.92,-0.1491669895389383,227.55,198.43,220.97,213.69,116557.08,25008830.35,-0.03294564873059692,119.13,103.12,117.33,112.18,227741.9,25611923.049999997,-0.04389329242308013
71,2017-09-11 17:00:00,4387.76,3218.98,4217.9,3243.08,611174.88,2300046328.76,-0.23111500983901936,316.38,222.06,297.95,223.14,3750905.7800000003,990139640.1899999,-0.2510823963752308,16.19,10.18,15.22,10.18,3048913.5300000003,40208930.33,-0.33114323258869915,71.97,44.9,68.13,45.2,7708539.93,443221287.75,-0.33656245413180674,330.22,238.71,318.41,240.08,99718.26999999999,28924111.84,-0.2460035802895638,23.84,14.75,21.96,15.67,1677929.1099999999,31333718.72,-0.28642987249544627,224.95,161.02,213.69,161.93,183977.95,35448739.73,-0.24222003837334452,119.57,85.53,112.18,86.2,494701.81,51236612.54000001,-0.23159208415047247
72,2017-09-14 17:00:00,3893.67,2979.88,3243.08,3689.61,713981.61,2497963653.44,0.13768701357968358,272.43,200.75,223.14,258.4,3884587.12,943927528.0699999,0.15801738818678854,12.29,8.47,10.18,11.03,4674508.91,50198967.599999994,0.0834970530451866,57.34,33.38,45.2,51,10960422.02,537073516.38,0.12831858407079638,317.04,220.65,240.08,312.09,106613.63999999998,29560186.86,0.2999416861046316,23.25,13.12,15.67,19.8,2178526.14,39930407.25,0.2635609444798979,192.54,142.58,161.93,177.04,148043.43,25338831.52,0.0933119249058234,104.96,68.44,86.2,93.72,547760.6900000001,49872529.06,0.08723897911832942
73,2017-09-17 17:00:00,4122.75,3689,3689.61,3882.16,357787.04000000004,1418274563.42,0.052187087524155594,300.69,258.36,258.4,283.56,2255096.7,647477410.85,0.09736842105263169,12.25,11.03,11.03,11.27,2211302.66,25895246.82,0.021758839528558498,57.49,50.98,51,51.56,4562511.88,247258182.33999997,0.01098039215686279,350.16,312.03,312.09,342.58,88016.48000000001,29175624.54,0.0976961773847288,21.77,18.89,19.8,19.69,1048811.15,21411974.74,-0.005555555555555526,197.06,176.91,177.04,188.25,96762.51999999999,18339714.39,0.06331902394939001,103.52,93.02,93.72,95.6,370171.3,36348131.57,0.020059752454118604
74,2017-09-20 17:00:00,3912.79,3505.81,3882.16,3788.02,327662.46,1211553440.6100001,-0.024249386939229674,287.13,252.22,283.56,286.14,1689894.75,453943905.69,0.009098603470164989,11.29,9.8,11.27,10.58,1751758.84,18239729.19,-0.061224489795918324,52.48,44.8,51.56,49.29,4628726.09,222130131.55,-0.044026377036462436,369.95,320.66,342.58,351.08,135771.97999999998,46856314.089999996,0.02481172280927083,20.62,16.57,19.69,20.05,958177.52,17545317.669999998,0.018283392585068534,216.4,174.88,188.25,204.83,165578.91,32445629.96,0.0880743691899071,96.29,84.03,95.6,91.88,351479.57999999996,31265003.86,-0.03891213389121338
75,2017-09-23 17:00:00,3982.31,3633.88,3788.02,3892.7,213108.76,819008966.25,0.027634489786220726,297.01,276.25,286.14,288.64,1152757.87,333367435.02,0.00873698189697351,12.19,10.26,10.58,11.49,1583952.7,17671304.2,0.08601134215500947,54.37,47.18,49.29,52.27,2831197.44,144108480.8,0.060458510854128705,357.69,327.68,351.08,341.7,87004.97,29860893.75,-0.026717557251908386,27.42,19.14,20.05,26.39,1993927.5699999998,49288057.89,0.3162094763092269,235.71,199.66,204.83,232.13,110156.31000000001,24265768.560000002,0.13328125762827703,95.5,87.53,91.88,93.62,256480.84,23581076.9,0.018937744884632228
76,2017-09-26 17:00:00,4274.64,3882.08,3892.7,4172.79,307628.15,1271867967.22,0.07195262928044806,312.64,279.79,288.64,292.58,1553273.63,461294893.64,0.013650221729490014,13.95,11.43,11.49,12.7,3411107.08,43537475.83,0.10530896431679714,57.39,50.44,52.27,52.8,3749777.3,203769160.23,0.010139659460493475,365.38,319.74,341.7,328.7,84353.28,28596078.479999997,-0.03804506877377817,34.01,25.96,26.39,28.64,3946943.1899999995,117830823.60999998,0.08525956801818871,428.42,229.73,232.13,289.83,676523.5599999999,211874281.84,0.24856761297548782,104.72,91.2,93.62,94.74,426956.30999999994,41602295.7,0.011963255714590795
77,2017-09-29 17:00:00,4477.38,4164.25,4172.79,4401.32,199279.01,867904021.52,0.05476671483587713,305.91,292.32,292.58,296.81,786686.39,236125736.69,0.014457584250461475,13.51,12.4,12.7,12.43,1051316.17,13664498.38,-0.021259842519685008,55.91,52.75,52.8,53.29,1796393.25,97946153.37,0.00928030303030307,333.94,305.29,328.7,307.98,51886.11,16733673.68,-0.06303620322482498,38.95,28.4,28.64,36.61,2970837.21,101856929.61,0.2782821229050279,294.86,253.82,289.83,257,134777.83000000002,36901825.72,-0.11327329814028908,96.95,91.01,94.74,91.39,229080.36,21528706.93,-0.03535993244669616
78,2017-10-02 17:00:00,4435.99,4143.35,4401.32,4321.44,209562.46000000002,897385746.34,-0.018149100724328182,299.92,286.73,296.81,294.99,736036.7300000001,215186256.85,-0.006131868872342553,12.54,11.51,12.43,11.91,811713.4299999999,9729441.23,-0.041834271922767466,53.54,50.17,53.29,51.64,1709868.06,88354817.9,-0.030962657158941614,317.21,288.66,307.98,305.35,84288.84,25462817.82,-0.008539515552957969,36.77,28.83,36.61,32.28,2579279.2,84304506.17,-0.11827369571155417,267.27,227.07,257,256.03,136289.29,33549157.16,-0.003774319066147966,94.74,87.13,91.39,91.88,329493.63,29809967.020000003,0.005361636940584253
79,2017-10-05 17:00:00,4622.87,4296.93,4321.44,4611.7,173261.96000000002,769274215.65,0.0671674256729239,314.12,293.75,294.99,309.49,752794.8300000001,231262850.48999998,0.04915420861724126,12.58,11.9,11.91,12.11,608606.45,7470627.030000001,0.01679261125104948,54.79,51.34,51.64,53.3,1459158.44,76887610.25,0.03214562354763743,317.12,301.22,305.35,301.97,58325.16,17988516.35,-0.01106926477812345,37.24,31.03,32.28,32.15,1923638.04,65788757.09,-0.00402726146220578,274.64,241.01,256.03,242.19,102177.23000000001,26163922.74,-0.05405616529312962,92.82,89.25,91.88,90.35,218041.39,19879364.41,-0.016652154984762746
80,2017-10-08 17:00:00,4930,4556.15,4611.7,4824.2,279159.52,1332838056.46,0.0460784526313507,310.14,286.52,309.49,302.86,963106.1,288475738.81,-0.021422339978674577,12.17,10.94,12.11,11.45,816574.76,9393330.68,-0.05450041288191579,53.44,48.12,53.3,50.79,2103958.14,106485672.42,-0.04709193245778608,301.97,270.1,301.97,298.21,85519.71,24730802.14,-0.012451568036560081,32.98,26.64,32.15,30.03,1774856.3699999999,52963182.98,-0.06594090202177286,243.53,223.48,242.19,236.24,86133.16,20237437.68,-0.02456748833560423,90.35,83.45,90.35,87.49,260072.38,22666953.82,-0.0316546762589928
81,2017-10-11 17:00:00,5852.78,4814.98,4824.2,5824.71,455159.36,2494517230.25,0.20739397205754329,347.7,298.29,302.86,338.81,1767452.96,573706111.59,0.11870171036122297,12.5,11.31,11.45,12.19,1402962.76,16651392.27,0.06462882096069872,66.48,50.73,50.79,63.94,6062867.82,355308908.22,0.258909234101201,319.26,287.28,298.21,316.35,87026.31999999999,26383186.86,0.06082961671305471,30.47,26.7,30.03,27.69,1423676.33,40519104.11,-0.07792207792207792,253.62,221.37,236.24,239.66,116310.68,27436095.779999997,0.014476803250931203,103.31,85.3,87.49,99.99,424113.28,39088548.449999996,0.1428734712538576
82,2017-10-14 17:00:00,5862.69,5448.22,5824.71,5598.58,228633.33,1288979168.9299998,-0.03882253365403601,352.39,310.57,338.81,316.14,1379660.49,458047617.07,-0.06691065789085333,12.49,11.54,12.19,11.86,982329.5999999999,11786464.76,-0.02707136997538967,69.95,58.5,63.94,59.19,3994902.8899999997,255970422.6,-0.07428839537066,317.26,292.36,316.35,299.48,95328.53,28898183.38,-0.05332701122174807,32.56,27.01,27.69,31.36,1168804.6,34286001.88,0.13253882267966768,249.31,227.38,239.66,229.99,99619.48,23510618.369999997,-0.04034882750563293,101.07,90.5,99.99,90.98,333494.93,31717869.25,-0.09010901090109003
83,2017-10-17 17:00:00,6075.32,5114.87,5598.58,5993.11,328936.91,1853984991.1,0.07046965480532559,316.38,287.95,316.14,303.08,1139463.8900000001,348124283.71000004,-0.04131081166571773,11.85,10.66,11.85,11.12,850196.6,9537312.93,-0.061603375527426195,62.17,53.05,59.19,60.09,3617782.28,212865444.04999998,0.015205271160669128,300.56,277.3,299.61,287.54,80291.51000000001,23413805.72,-0.04028570474950767,31.73,27.74,31.36,27.78,887416.96,25879471.480000004,-0.11415816326530608,238.77,214.29,229.97,221.36,87359,19881415.75,-0.0374396660433969,92.85,85.77,91.12,90.35,288917.46,25830736.050000004,-0.00845039508340661
84,2017-10-20 17:00:00,6187.2,5644.22,5993.11,5903.61,355115.22,2105031079.48,-0.01493381566498863,305.89,274.96,303.08,285.27,967657.82,281201870.64,-0.05876336280849942,11.26,9.66,11.09,10.05,1068440.97,11077128.04,-0.09377817853922445,60.36,51.92,60.08,54.63,2530684.7199999997,141792368.92000002,-0.09071238348868169,290.01,261.2,287.47,279.39,97105.60999999999,26744076.18,-0.02810728075973159,29.58,25.87,27.72,27.82,724651.26,20010488.07,0.003607503607503659,223.04,199.2,221.36,204.88,92346.10999999999,19447981.13,-0.0744488615829419,90.4,81.71,90.25,85.17,279874.97,24132921.060000002,-0.05628808864265926
85,2017-10-23 17:00:00,5970.4,5375.64,5903.61,5887.61,343250.83999999997,1945354063.1100001,-0.0027102061281148314,311.23,280.01,285.27,295.54,952119.19,285208552.33,0.03600098152627349,11.07,9.61,10.05,10.35,937879.6099999999,9851046.9,0.02985074626865661,58.98,52.35,54.63,55.55,2342320.93,131448888.85999998,0.016840563792787745,300.31,270.96,279.46,284.86,88287.22,25408748.549999997,0.019322980032920756,32.58,27.04,27.84,28.33,964450.64,28871894.51,0.017600574712643622,236.83,201.78,204.86,233.33,123602.2,27218807.869999997,0.13897295714146246,94.92,82.75,85.21,88.37,355653.7,31496337.750000004,0.03708484919610387
86,2017-10-26 17:00:00,6295.43,5654.8,5887.62,6147.52,300221.42,1760885673.96,0.04414347393344009,311.3,291.11,295.54,304.04,648540.34,194407247.05,0.02876091222846315,11.09,9.8,10.38,10.83,1143090.6099999999,11960618.82,0.043352601156069294,57.83,53.86,55.55,56.75,1407660.81,77976860.96,0.021602160216021654,288.75,263.62,284.73,282.92,157498.16999999998,43888654.18,-0.00635689951884242,29.24,27.1,28.33,27.77,405997.69000000006,11450466.24,-0.019767031415460597,256.37,222.37,233.6,233.16,353353.8,83457752.31,-0.0018835616438356067,90.73,85.2,88.42,88.59,287684.58,25022769.62,0.0019226419362135456
87,2017-10-29 17:00:00,6738.74,6018.97,6147.7,6737.78,313065.86,1989237889.76,0.0959838638840542,311.94,288.5,304.04,289.42,806413.8300000001,244020284.45,-0.04808577818708066,10.99,10.11,10.83,10.11,791929.88,8389227.25,-0.06648199445983385,58.66,52.72,56.75,52.83,1638111.48,91531372.09,-0.06907488986784144,288.24,269.22,282.92,269.64,70023.79000000001,19574076.58,-0.04693906404637364,31.46,26.68,27.71,26.87,1058618.87,30308005.119999997,-0.03031396607722843,245.41,218.7,233.15,221.21,119587.07,27815928.009999998,-0.05121166630924297,90.79,84.44,88.58,85.41,183767.3,16141803.06,-0.03578685933619329
88,2017-11-01 17:00:00,7492.24,6737.77,6737.78,7363.8,500285.61,3557519807.9999995,0.09291190867021488,307.14,276.89,289.42,300.04,1467144.19,427514869.43,0.036694077810794014,12.56,9.43,10.11,11.77,2985184.78,33636646.47,0.16419386745796244,56.13,50.03,52.82,54.83,2555677.55,137011667.55,0.03805376751230591,280.47,248.69,269.6,273.45,118234.4,31492211.17,0.014280415430266934,27.67,22.61,26.74,26.44,1077509.1400000001,27453392.34,-0.01121914734480169,240.44,209.78,221.19,229.84,138933.75,31070424.24,0.03910665039106653,89.6,79.88,85.42,87.12,285510.33999999997,24156360.84,0.019901662374151287
89,2017-11-04 17:00:00,7599.44,6934.73,7363.8,7102.75,366460.25,2654211653.21,-0.03545044678019503,306.8,287.45,300,291.84,1120658.76,331841249.2,-0.027200000000000082,15.24,11.56,11.77,13.52,6469739.19,89191980.22,0.14868309260832627,63.49,53.43,54.84,60.52,3061745,176719821.04,0.10357403355215171,302.01,266.94,273.45,288.95,101840.95999999999,28576785.07,0.05668312305723167,26.82,25.06,26.44,26.15,936639.54,24344002.72,-0.010968229954614323,243.78,221.08,229.81,238.48,135447.12,31206816.65,0.037726817806013606,103.9,85.83,87.09,98.45,528266.1,50391168.78,0.13043977494545872
90,2017-11-07 16:00:00,7869.1,6406.05,7102.23,6565.8,568995.46,4061932665.45,-0.07552979838726702,329.21,288.96,291.84,296.86,2244294.41,695013363.35,0.017201206140351012,15.37,13.45,13.51,14.39,3803530.15,54187419.83,0.06513693560325691,66.9,56.02,60.52,58.99,5281797.51,327790374.01,-0.02528089887640451,352.04,285.36,288.95,325.89,193117.61,61731575.480000004,0.1278421872296245,33.14,25.97,26.15,27.97,2425554.9299999997,73290295.11,0.06959847036328873,273.61,228.33,238.34,235.85,270907.5,68174523.85000001,-0.010447260216497478,123.14,98.09,98.45,104.48,566053.29,62360129.22,0.061249365159979696
91,2017-11-10 16:00:00,6821.5,5493.64,6565.8,6522.45,583892.8300000001,3642518337.2799997,-0.006602394224618533,320.05,296.26,296.86,314.6,1967187.29,607105737.87,0.05975880886613221,21.35,14.11,14.39,15.85,8712285.870000001,149231082.33,0.10145934676858923,63.77,56.73,59.07,61,3756088.45,225815104.61,0.032673099712205854,501.86,315.54,327.31,421.66,339173.17,138073615.94,0.288258837187987,29.87,25.04,27.97,28.22,1310478.34,36095735.8,0.00893814801573114,294.49,229.51,235.93,263.17,284358.75,72738177.12,0.11545797482304077,136.74,101.45,104.48,121.85,666527.0700000001,80035986.99000001,0.1662519142419601
92,2017-11-13 16:00:00,7964.64,6419.18,6522.45,7853.68,361560.12,2567695223.2200003,0.20409968646750845,345.18,314.45,314.6,330.32,1779767.78,585566572.4499999,0.04996821360457714,18.42,15.83,15.85,16.84,3620189.05,61735481.41,0.06246056782334387,76.1,60.12,61,70.7,3511918.75,229317340.47,0.159016393442623,440.8,402.14,421.66,419.44,124314.11,52161585.3,-0.005264905373998072,30.42,27.79,28.21,28.74,843057.2999999999,24504274.59,0.018787663948954186,320.8,260.67,263.16,295.23,262798.14999999997,75932543.49,0.12186502507979932,127.84,116.59,121.83,120.26,279944.75,33986107.06,-0.012886809488631645
93,2017-11-16 16:00:00,8100.87,7458.9,7853.68,8042.64,260348,2030112355.85,0.02406005846940543,371.32,325.83,330.32,354.6,1433249.7999999998,492663674.11,0.07350448050375402,18.17,16.48,16.84,17.97,2398509.25,41772002.379999995,0.06710213776722085,73.24,65.33,70.7,71.76,3643143.7300000004,250214068.76999998,0.014992927864215024,476.09,410.92,419.44,442.39,139111.01,61067647.31,0.05471581155826814,48.28,28.37,28.74,40,4850735.94,192712103.14,0.3917884481558804,304.46,281.23,295.13,299.66,136542.58000000002,40133071.26,0.015349168163182427,134.87,118.42,120.26,129.73,281800.1,35860108.89,0.07874605022451342
94,2017-11-19 16:00:00,8368.36,7819.06,8042.64,8234.55,256969.59999999998,2095397117.6399999,0.023861567843394573,381.61,351.41,354.67,380.84,1600824.03,583842203.0799999,0.07378690049905534,18.87,17.07,17.97,17.98,2114309.9,38366577.699999996,0.0005564830272677554,73.16,68.09,71.76,72.03,2939451.21,208906131.66,0.003762541806020011,595.42,437.42,442.11,573.66,215316.40000000002,110215666.30000001,0.2975503833887493,43.5,33.47,40,36.01,3293506.1900000004,123766368.67,-0.09975000000000005,321.87,281.14,299.99,318.26,208204.90999999997,62957200.28,0.06090203006766886,172.96,128.43,129.71,165.73,477653.16000000003,69969834.48,0.2776963996607816
95,2017-11-22 16:00:00,8761.98,7900.17,8234.5,8754.69,225675.74000000002,1869659231.6599998,0.06317202015908684,483.38,375.44,380.83,464.61,2580034.61,1109830141.79,0.21999317280676425,22.62,17.61,17.98,21.31,3827831.6500000004,75910269.72,0.18520578420467176,89.47,70.74,72.03,88.79,4464310.07,347947788.86,0.23268082743301408,653.12,542.71,573.65,636.12,142137.07,82782536.05,0.10889915453673848,40.04,33.38,36.01,38.03,1832408.76,66822015.08,0.05609552901971684,363.09,299.84,318.35,343.32,272497.65,89440112.21,0.07843568399560223,173.62,154.25,165.79,167.76,341213.42,55396007.370000005,0.01188250196031123
96,2017-11-25 16:00:00,9969.58,8746.56,8754.62,9906.04,280549.66,2673004212.31,0.13152141383635155,489.43,451.12,464.55,466.27,1598340.88,750565701.64,0.0037025078032503936,32.79,20.63,21.31,31.42,5512505.3,148486539.57,0.4744251525105586,94.53,83.73,88.77,94.22,3725483.54,334358527.28000003,0.06139461529796106,639.98,599.24,636.1,609.83,83473.12,51607705.34,-0.04129853796572863,41.86,36.93,38.03,37.86,1277993.6099999999,49927363.47,-0.004470155140678457,370.64,326.88,343.31,361.1,183528.99,63349717.83,0.05181905566397722,196.66,157.36,167.79,196.36,355613.79000000004,62035823.34,0.170272364264855
97,2017-11-28 16:00:00,11417.84,8938.7,9906.04,10861.47,552253.04,5608672065.34,0.09644923703114447,515.44,396.14,466.24,461.58,2928600.8899999997,1317523493,-0.009994852436513437,31.69,21.66,31.41,29.64,6610579.9399999995,175624042.25,-0.05635148042024832,103.03,76.95,94.22,99.15,7078105.38,644919068.9,0.0523243472723414,809.6,605.19,609.61,781.52,283472.27999999997,202295860.17000002,0.28199996719213916,39.48,19.46,37.86,35.83,2367420.16,80168546.56,-0.05361859482303225,374.16,255.01,361.09,330.71,297289.73,94424548,-0.08413414938104073,207.8,151.78,196.39,187.81,562616.4,100521015.24,-0.04368857884821012
98,2017-12-01 16:00:00,11851.09,10578.43,10861.47,11623.91,302125.11,3388345531.8799996,0.0701967597387831,481.56,445.57,461.58,466.93,1385885.8699999999,642528902.4,0.011590623510550766,30.88,27.47,29.62,29.25,2683467.2,78548316,-0.012491559756921032,106.77,95.39,99.15,103.87,3852350.0299999993,388457551.08,0.04760463943519918,807.68,727.82,781.67,764.64,104271.51,79985202.77000001,-0.021786687476812432,43.19,34.35,35.82,41.84,1797963.8599999999,69100249.83000001,0.16806253489670583,340.39,303.22,330.71,326.92,154859.22,50441616.26,-0.011460191708747736,208.66,183.61,187.91,208.12,329920.75,64829096.81,0.10755148741418769
99,2017-12-04 16:00:00,16879.26,11486.13,11624.37,16850.31,578372.53,7996102411.799999,0.4495675894693648,467.84,404.16,466.93,421.15,2561389.51,1114122221.4,-0.0980446747906539,29.36,23.17,29.24,23.32,3621116.39,95274978.87,-0.20246238030095753,103.91,86.93,103.86,96,4105071.9400000004,404788449.04,-0.07567879838243789,768.36,623.49,764.45,660.26,140132.19,97708579.57,-0.1362940676303225,42.82,31.75,41.86,34.02,1652580.31,61330303.05,-0.18729096989966545,347.66,281.28,326.92,292.29,216990.67,68933557.55,-0.10592805579346627,294.53,206.66,208.17,256.73,762748.22,190318854.31,0.23327088437334886
100,2017-12-07 16:00:00,17294.85,13906.1,16867.98,15134.71,321093.54000000004,5086756294.67,-0.1027550423939322,476.2,410.33,420.76,488.57,1309664.68,579410115.74,0.16116075672592453,27.98,22.13,23.31,28.03,2446887.41,61766411.46,0.2024882024882026,179.54,93.37,95.99,157.18,6320556.52,808384761.88,0.637462235649547,742.32,623.95,660.2,742.78,76620.62,52982059.37,0.1250833080884579,36.48,31.73,34.03,35.87,732845.75,25153814.360000003,0.054069938289744233,339.35,278.78,292.21,332.67,92577.58,28914352.970000003,0.13846206495328717,269.98,234.03,256.73,264.75,152249.22,38722211.03,0.031239044910995915
