,Time,xmrHigh,xmrLow,xmrOpen,xmrClose,xmrVolume,xmrReturns
0,2017-10-20 01:00:00,89.997,88.17,88.722,89.197,3505.481,0.005353801762809772
1,2017-10-20 05:00:00,92.669,88.698,89.573,89.204,7562.997,-0.0041195449521619215
2,2017-10-20 09:00:00,93.239,88.989,89.023,92.225,4909.593,0.035968232928569
3,2017-10-20 13:00:00,92.33,90.121,92.247,91.416,1252.0646,-0.009008423038147615
4,2017-10-20 17:00:00,92,89.313,91.288,89.901,2309.621,-0.015193672771886782
5,2017-10-20 21:00:00,89.976,88.372,89.892,88.717,1237.1508,-0.013071241044809296
6,2017-10-21 01:00:00,89.162,82.1,88.746,86.743,12548.157,-0.02257003132535551
7,2017-10-21 05:00:00,88.19,85.914,86.839,87,2817.679,0.001854005688688278
8,2017-10-21 09:00:00,87.89,86.154,87.212,86.629,991.02325,-0.006684859881667642
9,2017-10-21 13:00:00,88.536,85.913,86.63,88.289,4164.3564,0.01915040978875685
10,2017-10-21 17:00:00,88.998,87.317,88.298,87.797,1129.502,-0.005673967700287716
11,2017-10-21 21:00:00,89.246,87.12,87.843,87.122,2733.5737,-0.008207825324727112
12,2017-10-22 01:00:00,88.556,86.11,87.49,87.045,3140.372,-0.005086295576637252
13,2017-10-22 05:00:00,87.578,84.856,86.9,86.001,1925.9459,-0.010345224395857317
14,2017-10-22 09:00:00,88.9,86,86.033,86.623,6203.2764,0.006857833621982302
15,2017-10-22 13:00:00,87.07,85.5,86.72,85.65,3735.2322,-0.012338560885608777
16,2017-10-22 17:00:00,87.25,84.868,85.651,86.429,3828.5596,0.009083373223897045
17,2017-10-22 21:00:00,86.595,85.373,86.592,85.79,2432.6367,-0.009261825572801096
18,2017-10-23 01:00:00,87.1,84.871,85.807,84.951,4596.7373,-0.009975876094025065
19,2017-10-23 05:00:00,85.805,83.771,84.953,85.372,3594.0059,0.004932138947417948
20,2017-10-23 09:00:00,85.363,81.516,85.363,83.855,5854.2607,-0.01766573339737352
21,2017-10-23 13:00:00,87,82.916,83.914,86.058,4379.72,0.025549967824201034
22,2017-10-23 17:00:00,86.959,84.121,86.088,85.478,4214.6436,-0.007085772697704668
23,2017-10-23 21:00:00,88.512,81.799,85.275,87.883,14815.02,0.030583406625622863
24,2017-10-24 01:00:00,89.967,87.484,87.983,89.967,5495.582,0.022549810758896543
25,2017-10-24 05:00:00,91.025,88.173,89.967,90.104,5330.627,0.0015227805750997639
26,2017-10-24 09:00:00,92.078,88.611,89.921,91.212,5790.4834,0.014357046741028199
27,2017-10-24 13:00:00,91.682,88.49,91.101,89.307,2621.919,-0.019692429281786116
28,2017-10-24 17:00:00,90,87.499,89.301,88.298,2810.5417,-0.011231677136874169
29,2017-10-24 21:00:00,88.99,86.05,88.155,88.464,3276.252,0.003505189722647581
30,2017-10-25 01:00:00,88.488,86.251,88.488,87.561,1428.471,-0.010475996745321315
31,2017-10-25 05:00:00,88.007,85.25,87.549,85.435,1411.7346,-0.024146477972335538
32,2017-10-25 09:00:00,88.987,85.11,85.633,88.879,5901.6523,0.037905947473520836
33,2017-10-25 13:00:00,95,87.2,88.819,90.9,39233.363,0.023429671579279242
34,2017-10-25 17:00:00,91.022,86.673,91.001,87.269,5626.6255,-0.041010538345732456
35,2017-10-25 21:00:00,88.88,86.855,87.494,88.133,1163.8865,0.007303357944544721
36,2017-10-26 01:00:00,88.88,87.793,88.586,88.207,805.01215,-0.004278328404036811
37,2017-10-26 05:00:00,89.947,87.259,88.315,89.14,1869.7437,0.00934156145615131
38,2017-10-26 09:00:00,89.469,87.542,89.14,88.194,1956.6294,-0.010612519632039465
39,2017-10-26 13:00:00,88.88,87.533,88.101,88.384,2002.3667,0.003212222335728326
40,2017-10-26 17:00:00,88.88,88,88.4,88.164,1301.7452,-0.0026696832579185996
41,2017-10-26 21:00:00,89,86.78,88.629,87.089,3256.9775,-0.01737580250256695
42,2017-10-27 01:00:00,87.66,86.305,87.089,87.611,3819.0725,0.005993868341581664
43,2017-10-27 05:00:00,88.996,86.6,86.99,87.562,4435.642,0.006575468444648842
44,2017-10-27 09:00:00,88.08,86.656,87.301,86.656,2336.7825,-0.007388231520830186
45,2017-10-27 13:00:00,87.352,86.26,86.811,86.26,1320.1597,-0.00634712190851392
46,2017-10-27 17:00:00,86.852,86,86.26,86.116,2166.6814,-0.0016693716670531584
47,2017-10-27 21:00:00,87.5,85.803,86.9,85.808,1479.5066,-0.012566168009205968
48,2017-10-28 01:00:00,86.998,85.885,86.282,86.36,1378.1843,0.000904012424375918
49,2017-10-28 05:00:00,86.696,85.01,86.584,85.49,1836.514,-0.012635128892174169
50,2017-10-28 09:00:00,86.599,85.042,85.117,85.783,1987.8212,0.007824523890644605
51,2017-10-28 13:00:00,86.164,85.457,85.781,85.995,958.60767,0.00249472493908906
52,2017-10-28 17:00:00,86.09,84.854,85.854,85.535,3321.4717,-0.0037156102220048293
53,2017-10-28 21:00:00,86.899,85.456,85.764,86.31,355.68747,0.006366307541625933
54,2017-10-29 01:00:00,88.002,86.253,86.31,87.846,2652.414,0.0177963156065346
55,2017-10-29 05:00:00,88.219,86.325,87.583,87.546,3346.687,-0.00042245641277407635
56,2017-10-29 09:00:00,89.482,87.05,87.546,88.691,4801.0093,0.013078838553446142
57,2017-10-29 13:00:00,89.99,88.023,88.808,89.436,2913.598,0.007071435005855329
58,2017-10-29 17:00:00,91.322,88.5,89.436,88.501,5989.083,-0.010454403148620266
59,2017-10-29 21:00:00,89.627,87.904,88.501,88.834,1800.1943,0.0037626693483689268
60,2017-10-30 01:00:00,89.713,88.023,89.211,88.774,1746.5674,-0.004898499064016742
61,2017-10-30 05:00:00,90.998,88.548,88.729,89.421,4168.49,0.007799028502518988
62,2017-10-30 09:00:00,90.03,88.469,89.566,88.85,2568.4783,-0.007994104905879554
63,2017-10-30 13:00:00,89.939,88.122,89.029,88.374,4690.1924,-0.007357153287131173
64,2017-10-30 17:00:00,88.945,88.117,88.728,88.744,971.03577,0.00018032639076734903
65,2017-10-30 21:00:00,88.88,88.073,88.872,88.2,792.3842,-0.00756143667296783
66,2017-10-31 01:00:00,88.945,87.775,88.3,87.776,1474.5023,-0.0059343148357871
67,2017-10-31 05:00:00,89.3,87.769,87.777,89.3,1074.0298,0.017350786652539914
68,2017-10-31 09:00:00,89.14,87.448,88.726,88,6174.0117,-0.008182494421026521
69,2017-10-31 13:00:00,89.239,87.72,88.04,89,4697.875,0.010904134484325236
70,2017-10-31 17:00:00,89.48,87.285,88.494,87.6,1466.5212,-0.0101023798223609
71,2017-10-31 21:00:00,87.869,86.4,87.556,86.705,3576.4167,-0.009719493809676082
72,2017-11-01 01:00:00,87.771,86.41,86.858,87.36,1879.926,0.005779548228142432
73,2017-11-01 05:00:00,88.19,85.836,87.666,86.2,5931.206,-0.016722560627837404
74,2017-11-01 09:00:00,86.6,85.09,86.2,85.519,3703.0698,-0.007900232018561455
75,2017-11-01 13:00:00,86,84.59,85.851,85.619,3418.2588,-0.0027023564081955866
76,2017-11-01 17:00:00,85.999,84.352,85.41,85.511,3673.9495,0.0011825313195176102
77,2017-11-01 21:00:00,86,81.523,85.186,82.481,9173.791,-0.03175404409175231
78,2017-11-02 01:00:00,83.3,78.62,82.401,81.15,11639.668,-0.015181854589143222
79,2017-11-02 05:00:00,86.88,79.677,81.15,85.995,20770.465,0.059704251386321606
80,2017-11-02 09:00:00,86.002,80.585,85.996,83.502,6633.4707,-0.029001348899948834
81,2017-11-02 13:00:00,85.167,81.771,83.502,84,3770.2656,0.0059639290076884946
82,2017-11-02 17:00:00,84.984,82.24,83.99,83.209,4274.394,-0.009298726038814046
83,2017-11-02 21:00:00,85.9,82.871,83.196,84.793,4137.484,0.019195634405500366
84,2017-11-03 01:00:00,85.2,83.61,84.793,84.722,2000.0719,-0.0008373332704352029
85,2017-11-03 05:00:00,86.248,84.412,85.169,85.003,4069.9363,-0.0019490659747090704
86,2017-11-03 09:00:00,87.2,84.176,85.003,86.798,5607.621,0.021116901756408617
87,2017-11-03 13:00:00,87,83.808,86.169,86.9,8025.017,0.008483329271547874
88,2017-11-03 17:00:00,90,86.302,86.9,87.732,23241.182,0.009574223245109247
89,2017-11-03 21:00:00,87.353,85.01,87.336,85.866,4179.7383,-0.016831547128331948
90,2017-11-04 01:00:00,87.156,85.402,86.111,86.432,1320.6249,0.0037277467454796477
91,2017-11-04 05:00:00,86.286,85.135,86.001,85.149,3122.5146,-0.009906861548121577
92,2017-11-04 09:00:00,87.202,85.01,85.6,86.465,8507.52,0.010105140186915995
93,2017-11-04 13:00:00,87.564,86.097,86.559,87.564,2549.6538,0.011610577756212473
94,2017-11-04 17:00:00,88.489,86.476,87.578,87.01,3252.649,-0.00648564708031695
95,2017-11-04 21:00:00,87.671,86.456,87.416,86.533,1659.853,-0.010101125652054493
96,2017-11-05 01:00:00,87.994,86.482,86.527,87.94,1743.1891,0.016330162839344905
97,2017-11-05 04:00:00,88.3,86.39,87.922,87.215,2551.0461,-0.008041218352630669
98,2017-11-05 08:00:00,87.682,85.62,87.18,86.409,4683.814,-0.008843771507226436
99,2017-11-05 12:00:00,86.742,86.01,86.604,86.6,718.52246,-4.618724308351679e-05
100,2017-11-05 16:00:00,87.54,85.44,86.6,85.896,3843.9604,-0.008129330254041497
101,2017-11-05 20:00:00,87.34,85.323,86.02,87.121,4267.168,0.01279934898860729
102,2017-11-06 00:00:00,89.54,86.5,87.222,86.517,10983.344,-0.008082823140950659
103,2017-11-06 04:00:00,89.9,85.892,86.516,89.35,9856.6,0.03275694669194124
104,2017-11-06 08:00:00,96.3,89.003,89.351,94.319,36082.43,0.05560094458931633
105,2017-11-06 12:00:00,100.9,94,94,97.065,57883.66,0.03260638297872338
106,2017-11-06 16:00:00,101.74,95.61,97.31,101.56,31391.791,0.04367485356078512
107,2017-11-06 20:00:00,104.03,98.625,101.47,101.59,40521.336,0.0011826155513945456
108,2017-11-07 00:00:00,101.62,96.42,101.6,99.634,19399.033,-0.019350393700787342
109,2017-11-07 04:00:00,99.73,96.646,99.252,97.801,11703.141,-0.01461935275863452
110,2017-11-07 08:00:00,98.399,93.01,97.95,94.999,21963.258,-0.030127616130678995
111,2017-11-07 12:00:00,102.98,94,94.879,101.69,17933.492,0.07178616975305381
112,2017-11-07 16:00:00,102.77,98.398,101.69,98.49,13946.035,-0.031468187629068764
113,2017-11-07 20:00:00,99.984,98,98.512,99.479,7184.632,0.009816063017703415
114,2017-11-08 00:00:00,100.88,98.513,99.476,99.034,4492.28,-0.004443282801881792
115,2017-11-08 04:00:00,100.84,98.564,99.334,100,4571.2163,0.006704652988906082
116,2017-11-08 08:00:00,101.09,99.567,100,100.85,7397.97,0.008499999999999943
117,2017-11-08 12:00:00,109.24,99.56,100.86,107.78,52775.105,0.06860995439222686
118,2017-11-08 16:00:00,116.5,106.1,107.98,112.4,32575.424,0.04093350620485277
119,2017-11-08 20:00:00,117.41,111.3,112.96,113.05,16270.18,0.0007967422096317583
120,2017-11-09 00:00:00,117.57,113.01,113.06,115.06,12093.884,0.01768972227136034
121,2017-11-09 04:00:00,115.94,110.17,114.85,114.28,11316.558,-0.004962995211144913
122,2017-11-09 08:00:00,119,112.93,114.01,117.51,14315.038,0.030699061485834574
123,2017-11-09 12:00:00,121.48,116.02,117.3,120.05,11194.04,0.023444160272804774
124,2017-11-09 16:00:00,123.23,115.41,120.05,121.64,21939.744,0.013244481466055839
125,2017-11-09 20:00:00,121.87,116.57,120.78,116.68,9117.504,-0.033946017552574884
126,2017-11-10 00:00:00,120.49,115.75,117,116.97,13251.502,-0.0002564102564102661
127,2017-11-10 04:00:00,118.77,113.05,117,114.71,13433.639,-0.019572649572649627
128,2017-11-10 08:00:00,114.58,106.02,114.5,107.97,31113.479,-0.05703056768558953
129,2017-11-10 12:00:00,110.06,100.01,107.92,101.59,19237.225,-0.05865455893254261
130,2017-11-10 16:00:00,109.33,100.63,102.36,105,18891.793,0.025791324736225092
131,2017-11-10 20:00:00,109.61,104.38,104.95,108.88,8248.629,0.03744640304907092
132,2017-11-11 00:00:00,111.08,107.01,108.88,109.3,7697.904,0.003857457751653212
133,2017-11-11 04:00:00,110.76,105.01,109.32,105.01,4603.687,-0.039425539699963305
134,2017-11-11 08:00:00,114.98,100.42,105.01,111.9,33954.965,0.06561279878106847
135,2017-11-11 12:00:00,128,111.89,111.9,119.38,70859.26,0.06684539767649678
136,2017-11-11 16:00:00,124.16,116.51,119.17,118.65,17483.596,-0.00436351430729207
137,2017-11-11 20:00:00,124.05,114.84,118.62,115.99,19858.988,-0.022171640532793874
138,2017-11-12 00:00:00,120.93,108,116,119.37,24438.58,0.029051724137931074
139,2017-11-12 04:00:00,120.6,110.01,119.56,117.81,14072.749,-0.014637002341920374
140,2017-11-12 08:00:00,138,111.3,117.79,129.6,57185.227,0.10026318023601313
141,2017-11-12 12:00:00,130.55,121.66,129.55,123.69,29027.486,-0.04523350057892716
142,2017-11-12 16:00:00,124.87,114.01,123.65,122.89,23882.402,-0.006146380913869835
143,2017-11-12 20:00:00,131.84,121.46,124.75,131,25561.334,0.050100200400801605
144,2017-11-13 00:00:00,134.87,123,131,125.5,22177.467,-0.04198473282442748
145,2017-11-13 04:00:00,130.22,122.9,125.47,122.94,13240.724,-0.02016418267314897
146,2017-11-13 08:00:00,124.38,119.21,122.95,122.89,12212.079,-0.00048800325335504087
147,2017-11-13 12:00:00,125.32,116.22,122.89,122.17,9329.641,-0.005858898201643737
148,2017-11-13 16:00:00,124.5,118.31,121.65,122.07,7995.261,0.0034525277435264075
149,2017-11-13 20:00:00,123.08,116.05,122.06,116.25,7786.694,-0.047599541209241376
150,2017-11-14 00:00:00,122.6,116.25,116.25,122.07,4408.1064,0.0500645161290322
151,2017-11-14 04:00:00,122.9,120.36,121.88,120.99,3904.8784,-0.007302264522481134
152,2017-11-14 08:00:00,122.38,116.83,120.99,121.99,3725.415,0.008265145879824779
153,2017-11-14 12:00:00,122.82,120.25,121.51,122.3,3814.3801,0.006501522508435454
154,2017-11-14 16:00:00,122.68,117.83,122.4,121,8949.16,-0.011437908496732072
155,2017-11-14 20:00:00,123.12,119.22,121.22,121.83,5401.4976,0.005032172908760926
156,2017-11-15 00:00:00,123.72,121.12,121.81,123,2228.5828,0.009769312864296838
157,2017-11-15 04:00:00,123.95,122.75,123,123,10047.767,0.0
158,2017-11-15 08:00:00,123.13,117.01,123,117.84,12433.075,-0.0419512195121951
159,2017-11-15 12:00:00,120.5,117.52,117.84,118.6,7743.781,0.006449422946367879
160,2017-11-15 16:00:00,120.9,118.27,118.75,120.23,5633.932,0.012463157894736876
161,2017-11-15 20:00:00,123.87,119.4,120.46,123.36,9603.021,0.024074381537439862
162,2017-11-16 00:00:00,128.37,121.29,123.13,122.59,18708.21,-0.004385608706245367
163,2017-11-16 04:00:00,123.33,121.12,122.62,122.81,5601.878,0.0015495025281356853
164,2017-11-16 08:00:00,124.37,120.01,122.81,121.64,7926.52,-0.009526911489292416
165,2017-11-16 12:00:00,124.63,118.2,121.76,120.99,11254.049,-0.00632391590013149
166,2017-11-16 16:00:00,122.8,118.13,121,120.22,9381.856,-0.0064462809917355465
167,2017-11-16 20:00:00,122.27,119.6,120.24,121.35,5230.121,0.0092315369261477
168,2017-11-17 00:00:00,122.04,118.53,120.75,118.56,2657.459,-0.0181366459627329
169,2017-11-17 04:00:00,124.2,118.54,118.63,122.09,9987.409,0.02916631543454445
170,2017-11-17 08:00:00,124.48,120.73,122.18,123.78,5497.231,0.013095432967752448
171,2017-11-17 12:00:00,125.3,121.51,123.83,124.34,9651.963,0.004118549624485223
172,2017-11-17 16:00:00,126.5,123.84,124.34,126.18,11765.863,0.014798134148303067
173,2017-11-17 20:00:00,126.5,122.64,126.5,123.57,8706.903,-0.023162055335968434
174,2017-11-18 00:00:00,127.62,122.74,123.56,127.5,5087.6646,0.03188734218193588
175,2017-11-18 04:00:00,128.57,123.55,127.5,125.93,6328.3613,-0.012313725490196025
176,2017-11-18 08:00:00,129.7,125.91,125.99,128.74,8154.8667,0.02182712913723323
177,2017-11-18 12:00:00,134.18,128.29,128.61,131.2,19487.574,0.020138402923567177
178,2017-11-18 16:00:00,134.83,129.01,131.49,130.81,9674.8955,-0.0051714959312495765
179,2017-11-18 20:00:00,133.81,130.02,130.45,132.7,3733.0598,0.01724798773476428
180,2017-11-19 00:00:00,133.48,129.3,132.7,130,2408.9543,-0.02034664657121318
181,2017-11-19 04:00:00,132,129.1,130,130.91,3828.0923,0.006999999999999974
182,2017-11-19 08:00:00,133.1,130,130.9,132.39,3947.2686,0.011382734912146529
183,2017-11-19 12:00:00,133.72,127.2,132.32,128.41,14263.116,-0.029549576783554993
184,2017-11-19 16:00:00,130.5,126.93,128.51,129.7,5267.0864,0.009259979768111415
185,2017-11-19 20:00:00,132.4,127.99,129.58,132.4,5154.138,0.021762617687914747
186,2017-11-20 00:00:00,134.81,130.98,132.09,132.04,7884.46,-0.0003785297902945822
187,2017-11-20 04:00:00,135.21,132.03,132.29,134.43,5787.192,0.016176581752211164
188,2017-11-20 08:00:00,135.1,131.6,134.97,134.92,5962.246,-0.0003704526931911637
189,2017-11-20 12:00:00,142.5,134.41,134.62,140.09,21896.875,0.04063289258653988
190,2017-11-20 16:00:00,142.15,136,140.07,136.5,9137.022,-0.025487256371814045
191,2017-11-20 20:00:00,141.72,127.72,136.59,131.96,18839.564,-0.033897064206750094
192,2017-11-21 00:00:00,138.89,131.38,131.38,136.8,11754.135,0.0412543766174457
193,2017-11-21 04:00:00,137.69,135.05,136.8,136.75,3800.2449,-0.0003654970760234749
194,2017-11-21 08:00:00,141.92,136.4,136.76,140,13811.705,0.023691137759578894
195,2017-11-21 12:00:00,143.49,137.7,139.69,139.63,14644.628,-0.0004295225141384657
196,2017-11-21 16:00:00,141.99,137.48,139.54,141.84,9690.283,0.01648272896660464
197,2017-11-21 20:00:00,148.28,136.26,141.85,148.28,25460.229,0.04532957349312659
198,2017-11-22 00:00:00,148.76,143.27,148.3,145.26,7202.494,-0.020498988536749967
199,2017-11-22 04:00:00,159.47,144.56,145.24,156,46172.695,0.07408427430459921
200,2017-11-22 08:00:00,156.68,149.97,155.89,152.9,16754.104,-0.019180191160433516
201,2017-11-22 12:00:00,159.2,152.1,152.9,159.2,11821.251,0.04120340091563102
202,2017-11-22 16:00:00,173.4,158.04,159,165.41,74302.3,0.04031446540880501
203,2017-11-22 20:00:00,173.88,160.03,165.43,160.89,35011.246,-0.02744363174756707
204,2017-11-23 00:00:00,163.61,156.04,161.1,156.7,16130.802,-0.027312228429546902
205,2017-11-23 04:00:00,161.62,154.61,156.7,159.37,14921.446,0.017038927887683575
206,2017-11-23 08:00:00,164.5,158.74,160.03,162.98,13512.197,0.018434043616821775
207,2017-11-23 12:00:00,167.55,162.93,162.99,164.13,13254.725,0.006994294128474055
208,2017-11-23 16:00:00,166.21,157.01,164.09,157.01,8836.928,-0.04314705344627955
209,2017-11-23 20:00:00,161.6,154.52,157,158.48,10105.58,0.009426751592356623
210,2017-11-24 00:00:00,159.12,156.35,158.32,157.47,4934.261,-0.005368873168266766
211,2017-11-24 04:00:00,157.9,155.02,157.78,156.48,7967.2637,-0.008239320572949748
212,2017-11-24 08:00:00,158.71,153.23,156.23,158.17,9003.583,0.012417589451449771
213,2017-11-24 12:00:00,162.21,158.17,158.49,159.06,9718.586,0.0035964414158621565
214,2017-11-24 16:00:00,162.7,158.22,159.03,158.33,7989.408,-0.004401685216625722
215,2017-11-24 20:00:00,164,157.8,158.36,160.22,17742.09,0.011745390250063053
216,2017-11-25 00:00:00,165,159.93,159.93,164.83,5696.259,0.030638404301882107
217,2017-11-25 04:00:00,166,161.23,164.49,164.2,8120.5,-0.0017630251079094198
218,2017-11-25 08:00:00,169.99,160.81,164.2,169,16405.205,0.02923264311814867
219,2017-11-25 12:00:00,171,164.77,169.01,167.99,12700.671,-0.006035145849357919
220,2017-11-25 16:00:00,169,165.35,167.98,167.83,5309.579,-0.000892963448029392
221,2017-11-25 20:00:00,168.51,161.32,168.22,163.9,9560.382,-0.025680656283438314
222,2017-11-26 00:00:00,164.51,158.28,164,160.11,7258.8594,-0.023719512195121868
223,2017-11-26 04:00:00,163.46,157.76,160.5,162.27,8072.3687,0.011028037383177635
224,2017-11-26 08:00:00,163.84,160.4,162.27,160.83,4845.908,-0.008874098724348294
225,2017-11-26 12:00:00,164.31,159.19,160.85,163.47,7889.798,0.016288467516319582
226,2017-11-26 16:00:00,165.49,161.5,163.2,162.73,5595.2344,-0.002879901960784307
227,2017-11-26 20:00:00,165.5,161.29,162.33,163.93,9633.017,0.009856465225158591
228,2017-11-27 00:00:00,168.76,162.29,163.95,165.66,11276.363,0.010430009149130882
229,2017-11-27 04:00:00,166.22,157.89,165.5,162.42,16540.656,-0.018610271903323337
230,2017-11-27 08:00:00,165,161.1,162.52,164.73,8369.211,0.013598326359832508
231,2017-11-27 12:00:00,167,163.54,164.73,164.59,7267.5854,-0.0008498755539366622
232,2017-11-27 16:00:00,173.19,164.59,165.49,172.86,11786.539,0.04453441295546561
233,2017-11-27 20:00:00,180.93,170.03,172.86,177.13,37155.453,0.024702071040147988
234,2017-11-28 00:00:00,186.18,175.68,177.05,184.5,27173.922,0.04207850889579208
235,2017-11-28 04:00:00,187,181.41,184.76,183.68,17875.934,-0.0058454210868152424
236,2017-11-28 08:00:00,184.5,174.02,183.97,183.13,22466.09,-0.004565961841604628
237,2017-11-28 12:00:00,193.99,180.33,183.28,193.5,22936.717,0.05576167612396333
238,2017-11-28 16:00:00,197,186.44,193.47,196.99,25761.734,0.01819403525094335
239,2017-11-28 20:00:00,199,190.5,197,195.96,24463.39,-0.0052791878172588425
240,2017-11-29 00:00:00,196.87,183,195.97,189.3,19484.408,-0.03403582180946057
241,2017-11-29 04:00:00,194.5,187.8,189.3,194.24,12341.121,0.026096143687268872
242,2017-11-29 08:00:00,208.2,181.12,194.08,191.11,54475.67,-0.015302967848309968
243,2017-11-29 12:00:00,192.47,149.97,190.56,161.23,35741.598,-0.153914777497901
244,2017-11-29 16:00:00,180.35,160.63,162.75,167.23,57219.11,0.027526881720430045
245,2017-11-29 20:00:00,187,166.99,167.81,179,23687.26,0.06668255765449019
246,2017-11-30 00:00:00,189.84,170.21,179.55,175.61,14942.177,-0.02194374825953772
247,2017-11-30 04:00:00,188.85,170.01,175.5,172.93,18324.98,-0.014643874643874606
248,2017-11-30 08:00:00,174.48,150.06,172.99,157.46,31571.752,-0.0897739753742991
249,2017-11-30 12:00:00,169.99,154.22,157.47,168.33,16549.463,0.06896551724137939
250,2017-11-30 16:00:00,179.59,162.82,168.81,174.98,14230.28,0.03654996741899169
251,2017-11-30 20:00:00,176.46,165.2,174.39,167.59,9899.973,-0.03899306152875729
252,2017-12-01 00:00:00,173.75,166.74,168.13,169.18,4836.938,0.006245167429964976
253,2017-12-01 04:00:00,178.96,169.45,169.48,176.18,3879.8135,0.039532688222799255
254,2017-12-01 08:00:00,187.49,176.28,176.28,186.33,15813.74,0.057011572498298226
255,2017-12-01 12:00:00,188,181.5,186.24,183.59,4823.0303,-0.014228951890034394
256,2017-12-01 16:00:00,189.85,183.04,183.53,188.95,6583.859,0.029531956628344073
257,2017-12-01 20:00:00,194.01,186.57,188.5,188.39,10542.992,-0.0005835543766578973
258,2017-12-02 00:00:00,188.44,183.75,188.01,188.11,3724.352,0.0005318866017766222
259,2017-12-02 04:00:00,190.22,184.36,188.12,188.83,8808.853,0.0037741866893472673
260,2017-12-02 08:00:00,192,182.08,188.83,184.7,8784.314,-0.021871524651803333
261,2017-12-02 12:00:00,190.48,183.23,184.4,188.95,2125.4292,0.024674620390455437
262,2017-12-02 16:00:00,204.37,188,188.76,200.41,24790.943,0.061718584445857205
263,2017-12-02 20:00:00,207.49,186.72,200.9,196.5,38061.117,-0.02190144350423099
264,2017-12-03 00:00:00,199.9,191.8,196.5,198.08,8251.617,0.008040712468193448
265,2017-12-03 04:00:00,205.5,195.75,198.04,204.76,15204.65,0.03393253888103413
266,2017-12-03 08:00:00,207,198.07,204.74,202.38,10355.098,-0.011526814496434569
267,2017-12-03 12:00:00,205.9,200.35,202.38,205.6,4479.9355,0.01591066310900286
268,2017-12-03 16:00:00,207.25,182.1,205.9,196,27970.412,-0.04808159300631377
269,2017-12-03 20:00:00,199.83,194.77,196,198.42,4521.286,0.01234693877551014
270,2017-12-04 00:00:00,200,195.08,198.4,199.91,2842.0967,0.007610887096774147
271,2017-12-04 04:00:00,199.89,191.2,199.24,192.35,6779.552,-0.034581409355551165
272,2017-12-04 08:00:00,197.99,186,192.5,196,8701.354,0.01818181818181818
273,2017-12-04 12:00:00,200.99,194.05,195.34,197.22,7891.0796,0.009624244906317168
274,2017-12-04 16:00:00,210,197.21,197.22,209,23228.904,0.05973025048169558
275,2017-12-04 20:00:00,217,206.65,208.99,210,31957.004,0.004832767118043882
276,2017-12-05 00:00:00,221,206.6,209.99,220,30230.521,0.04766893661602929
277,2017-12-05 04:00:00,221,214.69,220.15,220.29,18997.607,0.0006359300476946916
278,2017-12-05 08:00:00,238.97,220.45,220.45,234.4,51673.016,0.0632796552506238
279,2017-12-05 12:00:00,246.32,230.09,234.83,233.08,34854.43,-0.007452199463441638
280,2017-12-05 16:00:00,248.5,232.46,232.47,247.01,17542.17,0.06254570482212755
281,2017-12-05 20:00:00,271,246.47,247.22,257,67534.13,0.03955990615645984
282,2017-12-06 00:00:00,268.88,253.75,257,261.4,25421.54,0.017120622568093297
283,2017-12-06 04:00:00,295,254.57,261.4,283.04,36213.508,0.08278500382555488
284,2017-12-06 08:00:00,296,260.01,283.03,271.99,22981.137,-0.03900646574568054
285,2017-12-06 12:00:00,277.98,212,272,262.3,32262.977,-0.03566176470588231
286,2017-12-06 16:00:00,264.18,241,262.3,250.46,26765.148,-0.04513915364086925
287,2017-12-06 20:00:00,254.69,236.27,250.86,248.81,26266.312,-0.0081718887028622
288,2017-12-07 00:00:00,277.9,245.63,248.78,270.31,27887.9,0.08654232655358148
289,2017-12-07 04:00:00,270.37,243.32,270.37,243.87,20330.877,-0.0980138328956615
290,2017-12-07 08:00:00,261.03,240.52,244.65,245.49,12706.143,0.003433476394849799
291,2017-12-07 12:00:00,253.89,233,246.01,246.4,25726.709,0.001585301410511828
292,2017-12-07 16:00:00,267,245.54,246.99,256.63,16966.068,0.03902992023968576
293,2017-12-07 20:00:00,260.33,240.2,256.7,249.25,12105.644,-0.029022204908453406
294,2017-12-08 00:00:00,256.67,232.64,249.14,249,11873.071,-0.0005619330496908821
295,2017-12-08 04:00:00,252.99,236.12,249,246.49,12491.648,-0.010080321285140526
296,2017-12-08 08:00:00,260,243,247.34,258.5,15642.156,0.04512007762593999
297,2017-12-08 12:00:00,267,254,259.08,259.39,15683.746,0.001196541608769501
298,2017-12-08 16:00:00,263.35,250.57,259.28,261.51,12705.068,0.008600740512187668
299,2017-12-08 20:00:00,269.99,259.23,261.68,267.67,9249.614,0.022890553347600158
300,2017-12-09 00:00:00,272.26,260.67,267.4,263.82,11637.409,-0.013388182498130084
301,2017-12-09 04:00:00,269.27,258.34,263.73,260.78,15583.493,-0.011185682326622096
302,2017-12-09 08:00:00,265.51,259.5,260.88,259.89,12658.613,-0.003794848206071792
303,2017-12-09 12:00:00,263,241,259.87,250.31,30297.242,-0.03678762458152154
304,2017-12-09 16:00:00,261.78,246.7,249.75,255.43,15759.991,0.02274274274274277
305,2017-12-09 20:00:00,254.86,215,254.08,215.01,34341.543,-0.1537704659949623
306,2017-12-10 00:00:00,234.1,215,215,228.56,13143.5625,0.06306976744186048
307,2017-12-10 04:00:00,237.62,220.01,228.56,232.67,10398.868,0.017982149107455308
308,2017-12-10 08:00:00,254.86,229,232.94,248.7,18025.262,0.06765690735811793
309,2017-12-10 12:00:00,250.23,240.27,247.4,249.45,7688.0356,0.008286176232821274
310,2017-12-10 16:00:00,249.99,227,248.3,240.79,11272.929,-0.030245670559806762
311,2017-12-10 20:00:00,258.47,238.51,240.77,253.48,15076.777,0.05278896872533945
312,2017-12-11 00:00:00,261.68,250.01,254.08,260.88,8720.566,0.026763224181360134
313,2017-12-11 04:00:00,264.77,252.3,261.1,253.02,10605.726,-0.03094599770202992
314,2017-12-11 08:00:00,262.42,252.11,253.02,258.6,11989.896,0.022053592601375432
315,2017-12-11 12:00:00,270,256.26,258.95,270,12255.516,0.042672330565746326
316,2017-12-11 16:00:00,277.73,265.26,269.88,277.73,20382.402,0.029087001630354315
317,2017-12-11 20:00:00,304.49,277.01,277.02,287.21,54684.062,0.036784347700527034
318,2017-12-12 00:00:00,294.4,275.02,289.3,284.01,19527.303,-0.018285516764604288
319,2017-12-12 04:00:00,291.83,281.26,282.99,287.25,18411.195,0.01505353546061695
320,2017-12-12 08:00:00,301.46,283,287.25,299,17319.94,0.040905134899912966
321,2017-12-12 12:00:00,320,289,298.49,301.77,37246.363,0.010988642835605791
322,2017-12-12 16:00:00,305,291,302.18,305,14679.796,0.009332186114236526
323,2017-12-12 20:00:00,309.73,271.49,304.99,289.16,30384.07,-0.05190334109315054
324,2017-12-13 00:00:00,300.35,277.38,289.99,297.17,11752.046,0.024759474464636735
325,2017-12-13 04:00:00,330,294,297.31,330,24959.04,0.10995257475362416
326,2017-12-13 08:00:00,331.5,311.62,329.99,319.71,34114.375,-0.031152459165429344
327,2017-12-13 12:00:00,321.94,283.49,318.45,308.74,23578.5,-0.030491442926676025
328,2017-12-13 16:00:00,312.91,295.61,308.4,298.67,15767.378,-0.03154993514915681
329,2017-12-13 20:00:00,326.29,295.14,298.67,324,18324.88,0.08480932132453874
330,2017-12-14 00:00:00,332,315.41,324,330.04,24921.783,0.018641975308642037
331,2017-12-14 04:00:00,332.5,307,330.98,314.61,23968.094,-0.04945918182367516
332,2017-12-14 08:00:00,317.5,292,314.62,301.17,12992.041,-0.04274998410781256
333,2017-12-14 12:00:00,316,299.7,300.82,313.35,14881.827,0.04165281563725826
334,2017-12-14 16:00:00,319.42,304.39,313.39,319,11967.31,0.017901017901017946
335,2017-12-14 20:00:00,319.08,280.75,319,292.22,18055.238,-0.083949843260188
336,2017-12-15 00:00:00,307.57,292.42,293.36,303.4,5409.342,0.03422416143986898
337,2017-12-15 04:00:00,305.75,292.52,303.37,299.46,11061.742,-0.012888551933282873
338,2017-12-15 08:00:00,313.29,295.68,298.56,309.19,7705.1094,0.03560423365487673
339,2017-12-15 12:00:00,314.59,305.83,310.6,310.3,7346.253,-0.0009658725048293991
340,2017-12-15 16:00:00,313.41,303.94,311.47,309.2,6236.2524,-0.007288021318265125
341,2017-12-15 20:00:00,322,307.71,310.16,314.34,9085.551,0.013476915140572445
342,2017-12-16 00:00:00,333.73,314.1,314.17,317.14,18467.725,0.00945348059967524
343,2017-12-16 04:00:00,325.66,314.94,317.72,323.05,13174.501,0.016775777414075235
344,2017-12-16 08:00:00,327.71,313,322.51,313.11,11119.653,-0.029146383057889608
345,2017-12-16 12:00:00,320.24,308.63,313.12,317.05,8112.203,0.012551098620337273
346,2017-12-16 16:00:00,329,313.06,316.43,323.04,10701.474,0.020889296210852365
347,2017-12-16 20:00:00,354.32,318.3,323,344.41,47582.668,0.0662848297213623
348,2017-12-17 00:00:00,359.7,335.93,344.41,348.74,16826.309,0.01257222496443188
349,2017-12-17 04:00:00,353.87,329.9,348.73,347.38,20308.88,-0.003871189745648561
350,2017-12-17 08:00:00,350,335,347.38,344.61,12688.153,-0.007973976625021539
351,2017-12-17 12:00:00,345.35,331.08,344.62,338.25,10327.908,-0.018484127444721735
352,2017-12-17 16:00:00,351.89,336.11,338,345.33,20088.057,0.02168639053254433
353,2017-12-17 20:00:00,345.92,321,345.32,334.72,16933.57,-0.030696165875130216
354,2017-12-18 00:00:00,340.81,332.96,335.67,334.44,4093.5051,-0.0036643131647153995
355,2017-12-18 04:00:00,351.59,334.38,334.38,348.1,8363.385,0.04103116215084642
356,2017-12-18 08:00:00,354.99,332.17,348.1,352.95,16948.713,0.013932777937374219
357,2017-12-18 12:00:00,367.28,347,353.9,364.48,15289.886,0.029895450692286073
358,2017-12-18 16:00:00,376.99,351.13,364.47,372.9,12951.21,0.023129475677010316
359,2017-12-18 20:00:00,379.99,358.37,373.14,371.99,16618.633,-0.0030819531543119934
360,2017-12-19 00:00:00,384.8,358.81,373.99,382.42,23861.607,0.02254070964464292
361,2017-12-19 04:00:00,394.23,352,382.24,359.62,24358.064,-0.05917748011720386
362,2017-12-19 08:00:00,371.77,352,359.61,357.11,27309.01,-0.0069519757515085785
363,2017-12-19 12:00:00,374,349.07,357.11,366.15,27058.174,0.025314328918260378
364,2017-12-19 16:00:00,367.46,328,364.19,355.4,34206.348,-0.02413575331557709
365,2017-12-19 20:00:00,389.69,316.42,355.37,387.01,45946.89,0.08903396460027573
366,2017-12-20 00:00:00,399.1,371.1,386.85,383.89,20181.592,-0.0076515445263022775
367,2017-12-20 04:00:00,414.99,379.99,383.96,412.78,16896.953,0.07505990207313261
368,2017-12-20 08:00:00,445,405.29,412.82,411.24,21797.787,-0.0038273339469986536
369,2017-12-20 12:00:00,465,396.9,411.24,465,16390.258,0.1307265830172162
370,2017-12-20 16:00:00,477,427.98,465,470.99,27803.275,0.012881720430107546
371,2017-12-20 20:00:00,473.9,446.64,470.99,465.13,13458.674,-0.012441877746873635
372,2017-12-21 00:00:00,470,442.28,465.99,454.73,17699.6,-0.024163608661130046
373,2017-12-21 04:00:00,463,445.3,454.66,461.42,9736.875,0.01486825320019353
374,2017-12-21 08:00:00,461.98,375.98,460.08,387.09,24398.574,-0.15864632237871676
375,2017-12-21 12:00:00,419.99,375.78,385,400.11,30341.498,0.03924675324675328
376,2017-12-21 16:00:00,422.44,394.89,400.51,420.37,14719.5,0.04958677685950417
377,2017-12-21 20:00:00,424.74,340,420.27,358.58,38931.72,-0.1467865895733695
378,2017-12-22 00:00:00,379.52,151.26,357.56,289.34,40245.75,-0.19079315359659924
379,2017-12-22 04:00:00,350,275.5,288.74,319.99,30034.857,0.10822885641061163
380,2017-12-22 08:00:00,322.1,241.1,320,300,24720.36,-0.0625
381,2017-12-22 12:00:00,327.22,280,299.99,317,15141.437,0.05670189006300207
382,2017-12-22 16:00:00,349,301.97,317,315.05,15301.452,-0.006151419558359586
383,2017-12-22 20:00:00,348,305.59,315.05,347.91,11448.74,0.1043009046183146
384,2017-12-23 00:00:00,349.99,313.56,347.1,345,5930.24,-0.006050129645635329
385,2017-12-23 04:00:00,374,340,345.78,374,10655.947,0.08161258603736489
386,2017-12-23 08:00:00,380.99,353.2,373.5,359.99,12976.153,-0.03617135207496651
387,2017-12-23 12:00:00,374.2,355.07,359.99,361.77,9989.587,0.004944581793938645
388,2017-12-23 16:00:00,374.49,334.1,361.78,342.54,10856.872,-0.05318149151417976
389,2017-12-23 20:00:00,354.5,302.58,342.46,326.58,16650.941,-0.04637037902236756
390,2017-12-24 00:00:00,338.08,310.01,327.84,319.54,6492.6777,-0.025317227916056475
391,2017-12-24 04:00:00,326.93,285,318.15,292,14291.277,-0.08219393367908213
392,2017-12-24 08:00:00,315,278.02,292,301.35,18535.611,0.032020547945205556
393,2017-12-24 12:00:00,312.6,293.79,301.34,293.79,8994.444,-0.02505475542576477
394,2017-12-24 16:00:00,332,291.42,294.52,330.31,9616.734,0.12151976096699722
395,2017-12-24 20:00:00,333.99,315,330.31,317.03,8267.196,-0.04020465623202455
396,2017-12-25 00:00:00,333.4,310.14,317.03,333.27,4290.2515,0.05122543607860458
397,2017-12-25 04:00:00,345,330,333.15,339.19,8423.912,0.018129971484316436
398,2017-12-25 08:00:00,349,320,340.69,330.7,8397.929,-0.029322844814934426
399,2017-12-25 12:00:00,341.36,327.61,330.7,335,2193.0098,0.013002721499848841
400,2017-12-25 16:00:00,336.93,323.75,335,332.53,4857.4106,-0.00737313432835829
401,2017-12-25 20:00:00,348,330,334.35,348,5373.4326,0.04082548227904883
402,2017-12-26 00:00:00,362.68,345.37,347.99,350.44,11992.127,0.0070404321963274475
403,2017-12-26 04:00:00,354.98,342,351.46,342.29,7432.1626,-0.026091162578956238
404,2017-12-26 08:00:00,356,338,342.29,351,11116.607,0.025446259020129067
405,2017-12-26 12:00:00,354.84,343.42,351,351.6,5631.211,0.0017094017094017742
406,2017-12-26 16:00:00,357.8,346.31,352.4,357.1,5079.6733,0.013337116912599449
407,2017-12-26 20:00:00,395.26,355.26,357.1,394.33,19300.232,0.10425651078129364
408,2017-12-27 00:00:00,409.81,384,394.26,389.9,13464.232,-0.011058692233551498
409,2017-12-27 04:00:00,390,370.11,389.9,378.56,9677.798,-0.029084380610412863
410,2017-12-27 08:00:00,381.39,357.3,378.3,361.29,9415.072,-0.04496431403647896
411,2017-12-27 12:00:00,363.42,341.65,360.89,351.93,10966.422,-0.024827509767519133
412,2017-12-27 16:00:00,376.29,348.64,351.85,376.1,10240.662,0.06892141537587039
413,2017-12-27 20:00:00,376.56,320.25,374.85,344.28,13118.522,-0.0815526210484195
414,2017-12-28 00:00:00,350.48,324.32,345.01,337.28,13337.667,-0.022405147676878984
415,2017-12-28 04:00:00,344.99,320,337.33,331.13,6870.983,-0.018379628257196183
416,2017-12-28 08:00:00,349.99,328.22,329.76,345.04,4508.7285,0.04633672974284337
417,2017-12-28 12:00:00,349.06,333.36,344.74,343.5,8866.084,-0.003596913616058505
418,2017-12-28 16:00:00,350,337.95,343.5,349.01,3898.3926,0.016040756914119332
419,2017-12-28 20:00:00,359.61,343.61,349.91,357.05,5214.3228,0.02040524706353058
420,2017-12-29 00:00:00,365,349.16,357.07,350.61,5120.7188,-0.018091690704903744
421,2017-12-29 04:00:00,356.83,336.15,350.65,344.28,5750.967,-0.01816626265506917
422,2017-12-29 08:00:00,360.61,333.16,344.01,358.8,14674.797,0.04299293625185321
423,2017-12-29 12:00:00,368.69,354.36,358.79,358.05,8781.915,-0.0020624878062376574
424,2017-12-29 16:00:00,361.22,340.55,357.87,348,9572.713,-0.027579847430631247
425,2017-12-29 20:00:00,352.27,308.85,348.16,317.07,11211.583,-0.0892980238970589
426,2017-12-30 00:00:00,327.12,305.73,317.58,327.12,6961.979,0.03003967504250904
427,2017-12-30 04:00:00,330.17,316.35,326.16,322,4823.229,-0.012754476330635346
428,2017-12-30 08:00:00,321.91,292.27,321.91,296.09,15931.221,-0.08020875399956524
429,2017-12-30 12:00:00,321.16,286.24,295.91,321,7567.7715,0.0847892940421073
430,2017-12-30 16:00:00,321.18,301.64,320,302.32,4248.1626,-0.05525000000000002
431,2017-12-30 20:00:00,324.99,298.72,303.15,313.71,6426.113,0.03483424047501238
432,2017-12-31 00:00:00,321,308,314,315.99,1794.296,0.006337579617834424
433,2017-12-31 04:00:00,319.24,300.74,315.85,315.86,2240.0312,3.166059838528068e-05
434,2017-12-31 08:00:00,326.66,308.8,315.5,325,4883.39,0.030110935023771792
435,2017-12-31 12:00:00,340.14,323,323.42,333.94,5210.12,0.032527363799393916
436,2017-12-31 16:00:00,339.96,327.41,333.98,330.48,1410.4889,-0.01047966944128391
437,2017-12-31 20:00:00,330.4,316.06,330.4,322.26,2586.2783,-0.02463680387409197
438,2018-01-01 00:00:00,337.99,321.11,322.74,336.44,3308.678,0.04244903017909149
439,2018-01-01 04:00:00,341.06,323.28,336.34,329,4685.9463,-0.02182315514063143
440,2018-01-01 08:00:00,332.33,316.59,329,327.83,4204.374,-0.003556231003039562
441,2018-01-01 12:00:00,333.02,322.25,328.24,329.87,2273.3145,0.004965878625396038
442,2018-01-01 16:00:00,347.57,329.95,329.95,337.35,6121.284,0.02242764055159883
443,2018-01-01 20:00:00,360,337.15,338.45,354.44,13091.168,0.047244792436105805
444,2018-01-02 00:00:00,358.32,320,352.55,348.08,28304.223,-0.012679052616650198
445,2018-01-02 04:00:00,352.52,343.44,348.49,347,2566.8394,-0.004275588969554389
446,2018-01-02 08:00:00,366.53,348.18,349.4,359.45,5422.575,0.028763594733829456
447,2018-01-02 12:00:00,370.52,345.71,359.43,355.19,11233.982,-0.011796455498984528
448,2018-01-02 16:00:00,368.99,352.27,354.8,364.23,8569.547,0.02657835400225481
449,2018-01-02 20:00:00,366.4,359.01,365.16,361.77,3594.1494,-0.009283601708840078
450,2018-01-03 00:00:00,376.76,360,361.77,373.61,6340.3403,0.032727976338557736
451,2018-01-03 04:00:00,380,364.23,374.5,375.5,8308.048,0.0026702269692923898
452,2018-01-03 08:00:00,381.11,371.58,376.47,379.64,5262.9634,0.00842032565675873
453,2018-01-03 12:00:00,381.21,373.07,379.59,378.59,8323.962,-0.0026344213493506153
454,2018-01-03 16:00:00,390,375.41,378,385.38,13178.978,0.019523809523809513
455,2018-01-03 20:00:00,389.44,377.67,385.39,386.01,7266.1904,0.0016087599574457162
456,2018-01-04 00:00:00,388.41,371.01,383.75,371.15,5115.827,-0.03283387622149843
457,2018-01-04 04:00:00,376.24,352.29,371.28,359.68,10636.186,-0.031243266537384094
458,2018-01-04 08:00:00,366.35,353.7,359.69,362.08,7388.768,0.0066446106369373245
459,2018-01-04 12:00:00,379.98,359.72,362,373.07,8902.872,0.03058011049723755
460,2018-01-04 16:00:00,374.74,362.6,373.15,372.5,8765.329,-0.001741926839072698
461,2018-01-04 20:00:00,372.81,356.69,372.5,356.69,7251.2896,-0.04244295302013423
462,2018-01-05 00:00:00,365.5,352.7,356.99,362.04,5765.016,0.01414605451133088
463,2018-01-05 04:00:00,377.3,359.44,362.06,368.5,9246.601,0.01778710710931889
464,2018-01-05 08:00:00,369,358.37,368.5,360.44,9807.491,-0.021872455902306655
465,2018-01-05 12:00:00,367.18,340.03,361.32,361.75,10552.484,0.0011900808147902325
466,2018-01-05 16:00:00,367.25,352,361.51,357.62,10324.72,-0.010760421565101897
467,2018-01-05 20:00:00,367.39,350.08,356.43,354.26,6141.489,-0.006088151951294829
468,2018-01-06 00:00:00,370.19,353.41,354.69,362.13,6924.309,0.02097606360483802
469,2018-01-06 04:00:00,386.56,361.5,362.82,382.2,15809.507,0.05341491648751446
470,2018-01-06 08:00:00,388,373.02,382.2,374.72,18300.688,-0.019570905285190898
471,2018-01-06 12:00:00,379.98,370.24,374.73,370.69,6495.146,-0.010781095722253409
472,2018-01-06 16:00:00,395.49,371.25,372,392.97,15684.493,0.056370967741935556
473,2018-01-06 20:00:00,420,392.64,392.64,400.44,26439.74,0.019865525672371667
474,2018-01-07 00:00:00,420,400,401.1,407.62,17340.732,0.016255297930690554
475,2018-01-07 04:00:00,415.39,404.89,407.6,408.05,8952.6,0.0011040235525024255
476,2018-01-07 08:00:00,417.64,407.62,408.05,412.71,7697.7314,0.011420169096924318
477,2018-01-07 12:00:00,415.75,392,413,400.19,7944.4297,-0.03101694915254238
478,2018-01-07 16:00:00,401.8,391,400.12,399.53,5954.3965,-0.0014745576327102664
479,2018-01-07 20:00:00,406.23,387.2,399.79,390.9,8439.898,-0.022236674253983447
480,2018-01-08 00:00:00,396.42,386.83,392.88,389.05,4489.9155,-0.00974852372225612
481,2018-01-08 04:00:00,390.98,375.63,389.86,388.46,9183.661,-0.0035910326783974607
482,2018-01-08 08:00:00,388.11,350,387.37,363.59,14427.705,-0.061388336732323176
483,2018-01-08 12:00:00,394.85,363.98,363.98,393.88,6622.913,0.08214737073465568
484,2018-01-08 16:00:00,404.04,385.73,394.38,400.87,19696.258,0.016456209746944596
485,2018-01-08 20:00:00,439.69,395.06,400.87,429.06,21638.115,0.07032204954224561
486,2018-01-09 00:00:00,448.54,420.62,429.06,427,23305.41,-0.004801193306297493
487,2018-01-09 04:00:00,428.42,392.02,427,418.76,18843.611,-0.019297423887587845
488,2018-01-09 08:00:00,436.8,411.99,418.64,424,23227.053,0.012803363271545992
489,2018-01-09 12:00:00,433.38,419.32,424.02,425.6,12103.13,0.003726239328333666
490,2018-01-09 16:00:00,430,404,425,410,11765.8125,-0.03529411764705882
491,2018-01-09 20:00:00,417.36,391.8,409.87,403.5,12574.064,-0.015541513162710139
492,2018-01-10 00:00:00,405.12,381.29,403.5,385.01,15587.712,-0.045824039653035956
493,2018-01-10 04:00:00,391.99,360.41,385.24,387.08,18498.602,0.004776243380749597
494,2018-01-10 08:00:00,397.67,368.54,387.29,396.99,15219.749,0.02504583128921477
495,2018-01-10 12:00:00,399.99,388.12,396.92,393.4,8789.949,-0.008868285800665218
496,2018-01-10 16:00:00,409.23,391.25,392.12,402.85,15615.237,0.02736407222278899
497,2018-01-10 20:00:00,417.72,355,403.41,360.1,14818.545,-0.10735975806251705
498,2018-01-11 00:00:00,368,340.79,360.17,346.88,3198.52,-0.03689924202459955
